Date,Cumulative Return
2021-09-26 00:00:00,2.1200668306335415
2021-09-26 01:00:00,1.3503330248687262
2021-09-26 02:00:00,-4.627321271915925
2021-09-26 03:00:00,-8.329936767908375
2021-09-26 04:00:00,-11.31207357677544
2021-09-26 05:00:00,-8.35892784170747
2021-09-26 06:00:00,-8.786404367017592
2021-09-26 07:00:00,-9.771533900852138
2021-09-26 08:00:00,-13.914862797860078
2021-09-26 09:00:00,-25.561752012769897
2021-09-26 10:00:00,-22.33968636615176
2021-09-26 11:00:00,1.2054974339468743
2021-09-26 12:00:00,-0.9660050825434743
2021-09-26 13:00:00,2.8422083520771197
2021-09-26 14:00:00,6.859995269171392
2021-09-26 15:00:00,6.376077484792993
2021-09-26 16:00:00,8.108965674592632
2021-09-26 17:00:00,10.910220195948456
2021-09-26 18:00:00,6.793415839045352
2021-09-26 19:00:00,6.967018521088774
2021-09-26 20:00:00,7.85809304693384
2021-09-26 21:00:00,8.18307277082237
2021-09-26 22:00:00,10.97805371730342
2021-09-26 23:00:00,10.276260138573297
2021-09-27 00:00:00,3.138362616096745
2021-09-27 01:00:00,6.554854844691491
2021-09-27 02:00:00,13.67462986230614
2021-09-27 03:00:00,19.01858847885452
2021-09-27 04:00:00,16.861554704951992
2021-09-27 05:00:00,14.509157567971998
2021-09-27 06:00:00,13.821513682731277
2021-09-27 07:00:00,15.466985169948334
2021-09-27 08:00:00,11.579878502120021
2021-09-27 09:00:00,12.087756471864525
2021-09-27 10:00:00,13.622257498666619
2021-09-27 11:00:00,10.881615757028223
2021-09-27 12:00:00,13.958211540976226
2021-09-27 13:00:00,14.60326839312684
2021-09-27 14:00:00,11.415299740386395
2021-09-27 15:00:00,10.229138983308488
2021-09-27 16:00:00,6.823766034908991
2021-09-27 17:00:00,8.100409732043149
2021-09-27 18:00:00,3.2320764545001337
2021-09-27 19:00:00,3.1081346956711378
2021-09-27 20:00:00,2.3212102625627784
2021-09-27 21:00:00,2.1220047013383967
2021-09-27 22:00:00,-2.102485825607096
2021-09-27 23:00:00,3.7006731307426604
2021-09-28 00:00:00,3.562579199331784
2021-09-28 01:00:00,-5.1793731432638594
2021-09-28 02:00:00,-3.1680797453870255
2021-09-28 03:00:00,-0.7924158224764661
2021-09-28 04:00:00,-1.021938993405768
2021-09-28 05:00:00,0.2409899089713483
2021-09-28 06:00:00,1.5850968545569395
2021-09-28 07:00:00,-0.8878420272808336
2021-09-28 08:00:00,-2.4628167390550475
2021-09-28 09:00:00,-6.990288085191407
2021-09-28 10:00:00,-3.8798560253261445
2021-09-28 11:00:00,-3.6090270727883866
2021-09-28 12:00:00,-4.181429877086796
2021-09-28 13:00:00,-0.5072476520221971
2021-09-28 14:00:00,-4.923440628927176
2021-09-28 15:00:00,-3.245124948774224
2021-09-28 16:00:00,-7.8760896518011245
2021-09-28 17:00:00,-10.995282213226892
2021-09-28 18:00:00,-13.216410896765591
2021-09-28 19:00:00,-13.615604708557711
2021-09-28 20:00:00,-11.514848044219374
2021-09-28 21:00:00,-11.536935750651578
2021-09-28 22:00:00,-9.158312585819806
2021-09-28 23:00:00,-6.911200837931416
2021-09-29 00:00:00,-12.364099141423697
2021-09-29 01:00:00,-16.16902603411787
2021-09-29 02:00:00,-10.89658128265495
2021-09-29 03:00:00,-10.295039856327332
2021-09-29 04:00:00,-7.754632070839512
2021-09-29 05:00:00,-3.577311242233299
2021-09-29 06:00:00,-2.435556127165054
2021-09-29 07:00:00,-2.5240099963342217
2021-09-29 08:00:00,0.17729205743295662
2021-09-29 09:00:00,-0.2706141297141391
2021-09-29 10:00:00,-1.597106117361764
2021-09-29 11:00:00,-3.756416669155896
2021-09-29 12:00:00,3.147785206006162
2021-09-29 13:00:00,2.9463351597312246
2021-09-29 14:00:00,-0.42367740432930123
2021-09-29 15:00:00,1.1978375670351216
2021-09-29 16:00:00,1.705332175851351
2021-09-29 17:00:00,-4.7191696696958925
2021-09-29 18:00:00,-5.7228533744392935
2021-09-29 19:00:00,-9.467529559086401
2021-09-29 20:00:00,-9.654621196165609
2021-09-29 21:00:00,-11.008923484619023
2021-09-29 22:00:00,-11.665723894300257
2021-09-29 23:00:00,-10.548697758339767
2021-09-30 00:00:00,-9.279292061655184
2021-09-30 01:00:00,-7.310022183794653
2021-09-30 02:00:00,-0.7312299147089085
2021-09-30 03:00:00,2.1381805958514155
2021-09-30 04:00:00,4.173054379887541
2021-09-30 05:00:00,6.82665497268791
2021-09-30 06:00:00,5.714395193893799
2021-09-30 07:00:00,5.254227709336632
2021-09-30 08:00:00,4.178583798094776
2021-09-30 09:00:00,2.3360421235782516
2021-09-30 10:00:00,-0.49454739767700406
2021-09-30 11:00:00,0.5732748232296345
2021-09-30 12:00:00,-1.9070601111296301
2021-09-30 13:00:00,0.6279906364911609
2021-09-30 14:00:00,4.541772386584308
2021-09-30 15:00:00,2.3726613714671103
2021-09-30 16:00:00,2.666672631396966
2021-09-30 17:00:00,3.636948288388619
2021-09-30 18:00:00,2.6918734231706276
2021-09-30 19:00:00,4.496925425883273
2021-09-30 20:00:00,9.901628104172547
2021-09-30 21:00:00,5.29738055619119
2021-09-30 22:00:00,3.896350571482422
2021-09-30 23:00:00,7.170825469298027
2021-10-01 00:00:00,7.832227101843399
2021-10-01 01:00:00,9.392292159655195
2021-10-01 02:00:00,10.291293248824491
2021-10-01 03:00:00,11.692305948372294
2021-10-01 04:00:00,6.690483400940264
2021-10-01 05:00:00,8.348370199284862
2021-10-01 06:00:00,8.408965244585946
2021-10-01 07:00:00,11.737793030833759
2021-10-01 08:00:00,12.882665728018566
2021-10-01 09:00:00,19.625155372666242
2021-10-01 10:00:00,24.38623788385118
2021-10-01 11:00:00,22.876834296687118
2021-10-01 12:00:00,32.868616069732724
2021-10-01 13:00:00,37.714762124412374
2021-10-01 14:00:00,33.50639475008923
2021-10-01 15:00:00,31.421160856040437
2021-10-01 16:00:00,33.457622463294186
2021-10-01 17:00:00,38.64799143478557
2021-10-01 18:00:00,41.433317534172744
2021-10-01 19:00:00,42.43775254831968
2021-10-01 20:00:00,42.09654103606259
2021-10-01 21:00:00,43.53427639451895
2021-10-01 22:00:00,42.37538475101521
2021-10-01 23:00:00,45.96410751740693
2021-10-02 00:00:00,41.4164992051526
2021-10-02 01:00:00,46.33506822391832
2021-10-02 02:00:00,44.84301366619579
2021-10-02 03:00:00,44.167421717235754
2021-10-02 04:00:00,43.371840423817055
2021-10-02 05:00:00,38.99441397689451
2021-10-02 06:00:00,39.84550450643101
2021-10-02 07:00:00,41.30851324242026
2021-10-02 08:00:00,43.16684546398396
2021-10-02 09:00:00,43.404017921447426
2021-10-02 10:00:00,42.87758942164639
2021-10-02 11:00:00,45.513955224109765
2021-10-02 12:00:00,44.29676672771322
2021-10-02 13:00:00,46.37443279486384
2021-10-02 14:00:00,48.40333171573548
2021-10-02 15:00:00,52.34392749167183
2021-10-02 16:00:00,56.46441272419822
2021-10-02 17:00:00,58.05855508542059
2021-10-02 18:00:00,61.826232674681286
2021-10-02 19:00:00,61.79871789078704
2021-10-02 20:00:00,62.743025358580596
2021-10-02 21:00:00,65.37409228007851
2021-10-02 22:00:00,61.54535480548523
2021-10-02 23:00:00,62.91075026450432
2021-10-03 00:00:00,60.88534578311747
2021-10-03 01:00:00,53.49283754657635
2021-10-03 02:00:00,48.581220185294576
2021-10-03 03:00:00,53.12785727078355
2021-10-03 04:00:00,54.410397592536114
2021-10-03 05:00:00,58.35099853952799
2021-10-03 06:00:00,57.48273807145635
2021-10-03 07:00:00,60.69231364037819
2021-10-03 08:00:00,60.41268531197636
2021-10-03 09:00:00,57.18990096102164
2021-10-03 10:00:00,57.737234862980635
2021-10-03 11:00:00,56.02460506495383
2021-10-03 12:00:00,56.703971408702984
2021-10-03 13:00:00,61.84743030785082
2021-10-03 14:00:00,61.435261101749155
2021-10-03 15:00:00,65.97334089301093
2021-10-03 16:00:00,63.41330961099213
2021-10-03 17:00:00,59.90144392638739
2021-10-03 18:00:00,62.83057651997955
2021-10-03 19:00:00,68.28859969100161
2021-10-03 20:00:00,68.48131241947958
2021-10-03 21:00:00,67.64384079436473
2021-10-03 22:00:00,62.82903979227884
2021-10-03 23:00:00,57.156622641717206
2021-10-04 00:00:00,60.589017464501424
2021-10-04 01:00:00,62.250929431047254
2021-10-04 02:00:00,56.07405321101921
2021-10-04 03:00:00,56.646302195580624
2021-10-04 04:00:00,52.10363010644963
2021-10-04 05:00:00,47.63819552406341
2021-10-04 06:00:00,51.214360628282066
2021-10-04 07:00:00,52.6650804617811
2021-10-04 08:00:00,51.173514390245984
2021-10-04 09:00:00,56.27821025406162
2021-10-04 10:00:00,51.98068472317543
2021-10-04 11:00:00,54.21759522044053
2021-10-04 12:00:00,51.85334863084653
2021-10-04 13:00:00,49.13808895770784
2021-10-04 14:00:00,54.78678561113939
2021-10-04 15:00:00,61.77374658452786
2021-10-04 16:00:00,49.14033172827319
2021-10-04 17:00:00,51.963179369968366
2021-10-04 18:00:00,57.48296692950961
2021-10-04 19:00:00,62.76776678842356
2021-10-04 20:00:00,64.06693532257412
2021-10-04 21:00:00,62.92737270616409
2021-10-04 22:00:00,58.73842296285183
2021-10-04 23:00:00,58.635142200238484
2021-10-05 00:00:00,56.90603946521358
2021-10-05 01:00:00,60.74196817836088
2021-10-05 02:00:00,64.5005094523402
2021-10-05 03:00:00,61.71037445499499
2021-10-05 04:00:00,61.505005544642714
2021-10-05 05:00:00,63.080320296417504
2021-10-05 06:00:00,59.07411244385297
2021-10-05 07:00:00,63.63320209489159
2021-10-05 08:00:00,64.27615017714233
2021-10-05 09:00:00,64.82701853064633
2021-10-05 10:00:00,66.9277202540161
2021-10-05 11:00:00,70.13502904183918
2021-10-05 12:00:00,70.00836421439054
2021-10-05 13:00:00,70.7119739608731
2021-10-05 14:00:00,70.4877979207258
2021-10-05 15:00:00,72.41037259238253
2021-10-05 16:00:00,64.07994272614947
2021-10-05 17:00:00,63.67492019435119
2021-10-05 18:00:00,65.79175289658833
2021-10-05 19:00:00,66.47458040707718
2021-10-05 20:00:00,69.37100327334494
2021-10-05 21:00:00,72.21311031397516
2021-10-05 22:00:00,77.98467491604573
2021-10-05 23:00:00,78.63124575437021
2021-10-06 00:00:00,77.15733543907449
2021-10-06 01:00:00,77.817037391561
2021-10-06 02:00:00,75.5445556497765
2021-10-06 03:00:00,72.87106209562086
2021-10-06 04:00:00,72.2003103890204
2021-10-06 05:00:00,68.80717421676775
2021-10-06 06:00:00,66.1880679003075
2021-10-06 07:00:00,68.18388822844474
2021-10-06 08:00:00,67.31787046650426
2021-10-06 09:00:00,62.215588668308754
2021-10-06 10:00:00,48.89005269147871
2021-10-06 11:00:00,48.20401217920678
2021-10-06 12:00:00,52.14419058983457
2021-10-06 13:00:00,51.88280070066184
2021-10-06 14:00:00,65.20407403560608
2021-10-06 15:00:00,78.05730221085044
2021-10-06 16:00:00,84.53318058170123
2021-10-06 17:00:00,87.93397950964402
2021-10-06 18:00:00,88.34372283718517
2021-10-06 19:00:00,86.01736735304152
2021-10-06 20:00:00,84.17465628292318
2021-10-06 21:00:00,84.95790387828268
2021-10-06 22:00:00,77.69272105885295
2021-10-06 23:00:00,78.99152484684119
2021-10-07 00:00:00,79.27797306520519
2021-10-07 01:00:00,79.08803322014445
2021-10-07 02:00:00,71.70143184736528
2021-10-07 03:00:00,69.49529226792092
2021-10-07 04:00:00,70.56566959205357
2021-10-07 05:00:00,68.11895150855416
2021-10-07 06:00:00,76.25145028453963
2021-10-07 07:00:00,75.87001447951353
2021-10-07 08:00:00,73.71294593434645
2021-10-07 09:00:00,85.56275236755
2021-10-07 10:00:00,87.97726888739109
2021-10-07 11:00:00,84.27915359840787
2021-10-07 12:00:00,78.59701476609196
2021-10-07 13:00:00,84.25827614171732
2021-10-07 14:00:00,81.11142302169402
2021-10-07 15:00:00,87.55767464894382
2021-10-07 16:00:00,75.88444324363863
2021-10-07 17:00:00,80.13034925976984
2021-10-07 18:00:00,82.49531175592593
2021-10-07 19:00:00,80.41584776418779
2021-10-07 20:00:00,80.88799443891813
2021-10-07 21:00:00,85.11846834362174
2021-10-07 22:00:00,87.51012944979206
2021-10-07 23:00:00,87.62063987678668
2021-10-08 00:00:00,85.11420413252105
2021-10-08 01:00:00,83.79626369398935
2021-10-08 02:00:00,86.18480355105254
2021-10-08 03:00:00,86.21199208185753
2021-10-08 04:00:00,80.70220175212556
2021-10-08 05:00:00,82.39648309109376
2021-10-08 06:00:00,83.62155375807518
2021-10-08 07:00:00,86.61374982530313
2021-10-08 08:00:00,88.28933918578753
2021-10-08 09:00:00,93.76614325041368
2021-10-08 10:00:00,99.89305668656202
2021-10-08 11:00:00,96.42628621596202
2021-10-08 12:00:00,100.09166691162923
2021-10-08 13:00:00,95.06120393632766
2021-10-08 14:00:00,91.90239203296765
2021-10-08 15:00:00,90.66520620881383
2021-10-08 16:00:00,97.68249574212619
2021-10-08 17:00:00,94.6566617047406
2021-10-08 18:00:00,95.01647310374585
2021-10-08 19:00:00,92.38805860995816
2021-10-08 20:00:00,94.84100855914721
2021-10-08 21:00:00,93.57231524133849
2021-10-08 22:00:00,83.60740216997827
2021-10-08 23:00:00,85.33630694277775
2021-10-09 00:00:00,86.99807661333696
2021-10-09 01:00:00,85.03013586047872
2021-10-09 02:00:00,87.67362434091488
2021-10-09 03:00:00,83.73262521695437
2021-10-09 04:00:00,87.41736798018984
2021-10-09 05:00:00,90.96291383090528
2021-10-09 06:00:00,91.8346868651852
2021-10-09 07:00:00,89.29451230754808
2021-10-09 08:00:00,91.13087116040498
2021-10-09 09:00:00,91.81354798456925
2021-10-09 10:00:00,87.72210566869073
2021-10-09 11:00:00,91.7359067623809
2021-10-09 12:00:00,96.21931318640613
2021-10-09 13:00:00,92.88558919141597
2021-10-09 14:00:00,94.8674218177913
2021-10-09 15:00:00,98.58279880553616
2021-10-09 16:00:00,98.37004228832407
2021-10-09 17:00:00,97.16068550628128
2021-10-09 18:00:00,95.73846454187836
2021-10-09 19:00:00,96.69667991297288
2021-10-09 20:00:00,97.32266032124507
2021-10-09 21:00:00,93.94276609905202
2021-10-09 22:00:00,94.93753873049585
2021-10-09 23:00:00,96.70777554029998
2021-10-10 00:00:00,97.083851889239
2021-10-10 01:00:00,96.30633536389782
2021-10-10 02:00:00,90.0161455548954
2021-10-10 03:00:00,85.7117778101909
2021-10-10 04:00:00,87.15438496353748
2021-10-10 05:00:00,90.4907813106541
2021-10-10 06:00:00,95.11597548580737
2021-10-10 07:00:00,94.75697018651655
2021-10-10 08:00:00,98.54349283008756
2021-10-10 09:00:00,97.89972907552782
2021-10-10 10:00:00,100.32569250006797
2021-10-10 11:00:00,95.41537976629682
2021-10-10 12:00:00,93.95408043327714
2021-10-10 13:00:00,94.82448222555324
2021-10-10 14:00:00,91.93104632557558
2021-10-10 15:00:00,91.44372169896806
2021-10-10 16:00:00,91.82739042864377
2021-10-10 17:00:00,93.02532513478266
2021-10-10 18:00:00,90.9859897756667
2021-10-10 19:00:00,87.87074532463458
2021-10-10 20:00:00,88.24057222585071
2021-10-10 21:00:00,86.61526087104916
2021-10-10 22:00:00,83.3579601838859
2021-10-10 23:00:00,73.9841839484503
2021-10-11 00:00:00,76.35827408101343
2021-10-11 01:00:00,68.14012182863434
2021-10-11 02:00:00,72.8257461644023
2021-10-11 03:00:00,74.27340825374118
2021-10-11 04:00:00,77.91316994515427
2021-10-11 05:00:00,83.78826680799861
2021-10-11 06:00:00,85.59395082932716
2021-10-11 07:00:00,84.03961524101284
2021-10-11 08:00:00,84.06691884453062
2021-10-11 09:00:00,91.28716470507575
2021-10-11 10:00:00,92.33896362999015
2021-10-11 11:00:00,88.50926925831878
2021-10-11 12:00:00,83.29754316068517
2021-10-11 13:00:00,81.55931731303615
2021-10-11 14:00:00,83.5421399191059
2021-10-11 15:00:00,86.29031583448202
2021-10-11 16:00:00,86.79854034520945
2021-10-11 17:00:00,84.2466700362585
2021-10-11 18:00:00,81.41129005624515
2021-10-11 19:00:00,79.36461073920981
2021-10-11 20:00:00,76.50793222171092
2021-10-11 21:00:00,71.0610741479339
2021-10-11 22:00:00,67.1025072814216
2021-10-11 23:00:00,71.52717805590669
2021-10-12 00:00:00,73.63029461581606
2021-10-12 01:00:00,76.8877014957924
2021-10-12 02:00:00,68.58016235779706
2021-10-12 03:00:00,71.58938993240075
2021-10-12 04:00:00,63.58134951759243
2021-10-12 05:00:00,61.66095585743229
2021-10-12 06:00:00,66.38934479747957
2021-10-12 07:00:00,67.24156259998297
2021-10-12 08:00:00,61.542801229892085
2021-10-12 09:00:00,62.36245627750173
2021-10-12 10:00:00,64.5405361290815
2021-10-12 11:00:00,52.00758163420343
2021-10-12 12:00:00,54.38414916276793
2021-10-12 13:00:00,57.06594158537053
2021-10-12 14:00:00,49.265214664309326
2021-10-12 15:00:00,64.90357490618574
2021-10-12 16:00:00,60.52686025478239
2021-10-12 17:00:00,65.74368674372263
2021-10-12 18:00:00,68.91878545557904
2021-10-12 19:00:00,63.077198003080554
2021-10-12 20:00:00,66.09814503851082
2021-10-12 21:00:00,62.7753427930943
2021-10-12 22:00:00,68.51095318147733
2021-10-12 23:00:00,69.16932377238837
2021-10-13 00:00:00,71.55373835581575
2021-10-13 01:00:00,71.1487365113682
2021-10-13 02:00:00,77.51100220770215
2021-10-13 03:00:00,75.18496751773401
2021-10-13 04:00:00,78.58108970099484
2021-10-13 05:00:00,76.52662887583918
2021-10-13 06:00:00,77.17623692639559
2021-10-13 07:00:00,65.43243365538571
2021-10-13 08:00:00,68.27090706665192
2021-10-13 09:00:00,62.8685972316359
2021-10-13 10:00:00,65.39192800799488
2021-10-13 11:00:00,68.45794243480651
2021-10-13 12:00:00,68.10990817545301
2021-10-13 13:00:00,72.6944579089212
2021-10-13 14:00:00,74.20090113116468
2021-10-13 15:00:00,67.79956054771314
2021-10-13 16:00:00,72.08216590857417
2021-10-13 17:00:00,73.85964028092252
2021-10-13 18:00:00,73.94056151926866
2021-10-13 19:00:00,76.17104399750838
2021-10-13 20:00:00,75.4693522711928
2021-10-13 21:00:00,78.15138438762264
2021-10-13 22:00:00,81.57841550245652
2021-10-13 23:00:00,82.04911415103203
2021-10-14 00:00:00,86.67860342315186
2021-10-14 01:00:00,86.4508655161156
2021-10-14 02:00:00,84.6324394041976
2021-10-14 03:00:00,88.14567592978612
2021-10-14 04:00:00,88.96747173576341
2021-10-14 05:00:00,89.91652271845192
2021-10-14 06:00:00,90.623524320547
2021-10-14 07:00:00,90.94180839622773
2021-10-14 08:00:00,90.86267948225684
2021-10-14 09:00:00,90.80639509748363
2021-10-14 10:00:00,94.73424019860758
2021-10-14 11:00:00,94.9378576468765
2021-10-14 12:00:00,95.39686079580733
2021-10-14 13:00:00,102.63391131328854
2021-10-14 14:00:00,100.04295422139752
2021-10-14 15:00:00,100.39240701316018
2021-10-14 16:00:00,102.06262718856148
2021-10-14 17:00:00,101.24620632721216
2021-10-14 18:00:00,97.46576303272504
2021-10-14 19:00:00,99.82675568225633
2021-10-14 20:00:00,100.78964079826235
2021-10-14 21:00:00,97.8664587305476
2021-10-14 22:00:00,94.15936749611184
2021-10-14 23:00:00,98.23337677435308
2021-10-15 00:00:00,97.07781416249075
2021-10-15 01:00:00,98.32772177899768
2021-10-15 02:00:00,91.86237929451767
2021-10-15 03:00:00,91.02463853510953
2021-10-15 04:00:00,102.1336346187101
2021-10-15 05:00:00,102.38782082538918
2021-10-15 06:00:00,105.11648611492058
2021-10-15 07:00:00,108.08586104306048
2021-10-15 08:00:00,106.93304434745309
2021-10-15 09:00:00,105.41239619152196
2021-10-15 10:00:00,95.35643480750053
2021-10-15 11:00:00,98.63304571033403
2021-10-15 12:00:00,98.922263535598
2021-10-15 13:00:00,102.32693586846287
2021-10-15 14:00:00,101.21982748942996
2021-10-15 15:00:00,103.21786425193713
2021-10-15 16:00:00,103.50834132085026
2021-10-15 17:00:00,103.29528357005645
2021-10-15 18:00:00,111.0792942136293
2021-10-15 19:00:00,111.88701606551382
2021-10-15 20:00:00,115.68215681864397
2021-10-15 21:00:00,114.48101229473386
2021-10-15 22:00:00,117.7203046474118
2021-10-15 23:00:00,111.38592685710036
2021-10-16 00:00:00,111.93830079566688
2021-10-16 01:00:00,113.32699548432596
2021-10-16 02:00:00,113.58596600897455
2021-10-16 03:00:00,112.34444135478303
2021-10-16 04:00:00,115.95078304040571
2021-10-16 05:00:00,112.09198939943236
2021-10-16 06:00:00,111.76984768014044
2021-10-16 07:00:00,115.83080357258933
2021-10-16 08:00:00,115.66425585770135
2021-10-16 09:00:00,115.235710191562
2021-10-16 10:00:00,121.4609876007607
2021-10-16 11:00:00,122.4418527454028
2021-10-16 12:00:00,123.41777210470134
2021-10-16 13:00:00,126.72072225586517
2021-10-16 14:00:00,116.14777655024966
2021-10-16 15:00:00,121.91405067101078
2021-10-16 16:00:00,121.20517194757672
2021-10-16 17:00:00,121.38117449710856
2021-10-16 18:00:00,120.7237453216226
2021-10-16 19:00:00,117.82436868084044
2021-10-16 20:00:00,118.3152571274124
2021-10-16 21:00:00,115.44892548816074
2021-10-16 22:00:00,116.28853849707112
2021-10-16 23:00:00,114.19045304643457
2021-10-17 00:00:00,116.5537369543873
2021-10-17 01:00:00,115.33175072002668
2021-10-17 02:00:00,113.53761670769072
2021-10-17 03:00:00,115.67751481387124
2021-10-17 04:00:00,114.89194964098138
2021-10-17 05:00:00,117.16056048566209
2021-10-17 06:00:00,117.13033235766552
2021-10-17 07:00:00,114.40998446143585
2021-10-17 08:00:00,116.97043189420116
2021-10-17 09:00:00,114.81962323483334
2021-10-17 10:00:00,119.10785174547459
2021-10-17 11:00:00,119.6283439467889
2021-10-17 12:00:00,118.92740507850858
2021-10-17 13:00:00,116.49224414143083
2021-10-17 14:00:00,116.8254230458878
2021-10-17 15:00:00,118.48855615493437
2021-10-17 16:00:00,116.74371215166998
2021-10-17 17:00:00,108.73532897842557
2021-10-17 18:00:00,110.01730567911814
2021-10-17 19:00:00,109.98807893587848
2021-10-17 20:00:00,111.72245374937528
2021-10-17 21:00:00,104.96453819551967
2021-10-17 22:00:00,91.5928048545359
2021-10-17 23:00:00,101.12189474130611
2021-10-18 00:00:00,106.32283817601257
2021-10-18 01:00:00,108.40836217025033
2021-10-18 02:00:00,113.06128998794847
2021-10-18 03:00:00,111.16298102537935
2021-10-18 04:00:00,110.66908699917605
2021-10-18 05:00:00,107.55585602368086
2021-10-18 06:00:00,109.43172211265095
2021-10-18 07:00:00,109.61810157669936
2021-10-18 08:00:00,109.56303238810878
2021-10-18 09:00:00,106.43080823124893
2021-10-18 10:00:00,106.28701000743025
2021-10-18 11:00:00,103.1925486790198
2021-10-18 12:00:00,104.01926054589559
2021-10-18 13:00:00,99.26242476225335
2021-10-18 14:00:00,98.3673553646454
2021-10-18 15:00:00,106.5240559428498
2021-10-18 16:00:00,104.2118468608339
2021-10-18 17:00:00,102.4947061863509
2021-10-18 18:00:00,98.70127554253004
2021-10-18 19:00:00,97.88861889983744
2021-10-18 20:00:00,99.15063449175871
2021-10-18 21:00:00,101.54557641544065
2021-10-18 22:00:00,102.27522588177526
2021-10-18 23:00:00,103.10171504643343
2021-10-19 00:00:00,103.87846120329803
2021-10-19 01:00:00,103.95428360370008
2021-10-19 02:00:00,102.36146200443532
2021-10-19 03:00:00,107.3155707147058
2021-10-19 04:00:00,107.78343881694772
2021-10-19 05:00:00,113.0162067461035
2021-10-19 06:00:00,111.79910748697925
2021-10-19 07:00:00,111.39649232448224
2021-10-19 08:00:00,107.242684700797
2021-10-19 09:00:00,109.67698054048871
2021-10-19 10:00:00,110.48715946577455
2021-10-19 11:00:00,108.52365220441686
2021-10-19 12:00:00,108.54592687940887
2021-10-19 13:00:00,109.77676884669081
2021-10-19 14:00:00,109.90999803973688
2021-10-19 15:00:00,108.46903181997573
2021-10-19 16:00:00,106.54379527467918
2021-10-19 17:00:00,103.70763329044989
2021-10-19 18:00:00,107.25874850470025
2021-10-19 19:00:00,108.71166150455187
2021-10-19 20:00:00,106.35129497492898
2021-10-19 21:00:00,106.51057318795817
2021-10-19 22:00:00,105.34555803768701
2021-10-19 23:00:00,107.79868195881589
2021-10-20 00:00:00,112.54517784508677
2021-10-20 01:00:00,112.64091035018374
2021-10-20 02:00:00,111.76708434803905
2021-10-20 03:00:00,111.0658273931725
2021-10-20 04:00:00,110.8559364824198
2021-10-20 05:00:00,109.51787310370122
2021-10-20 06:00:00,111.93075704585488
2021-10-20 07:00:00,109.98784413252659
2021-10-20 08:00:00,111.19728759244104
2021-10-20 09:00:00,113.972272755475
2021-10-20 10:00:00,115.95383967205623
2021-10-20 11:00:00,117.03073808112367
2021-10-20 12:00:00,116.8302358538506
2021-10-20 13:00:00,119.71195778979481
2021-10-20 14:00:00,125.65046571426805
2021-10-20 15:00:00,132.0854129518211
2021-10-20 16:00:00,135.8053033841384
2021-10-20 17:00:00,140.78845273083516
2021-10-20 18:00:00,145.17427074885032
2021-10-20 19:00:00,142.98075946105263
2021-10-20 20:00:00,148.20431492214692
2021-10-20 21:00:00,148.72477062292523
2021-10-20 22:00:00,147.44619473142163
2021-10-20 23:00:00,147.2261165535258
2021-10-21 00:00:00,145.16635287561445
2021-10-21 01:00:00,149.96793951129834
2021-10-21 02:00:00,155.48367027618002
2021-10-21 03:00:00,151.90184742215052
2021-10-21 04:00:00,151.69089279835887
2021-10-21 05:00:00,151.18503493273138
2021-10-21 06:00:00,150.09741549585053
2021-10-21 07:00:00,151.35582967989922
2021-10-21 08:00:00,147.97555031081313
2021-10-21 09:00:00,150.81994246730622
2021-10-21 10:00:00,156.52531684004396
2021-10-21 11:00:00,163.77788205425477
2021-10-21 12:00:00,163.7677361345562
2021-10-21 13:00:00,150.44667661801097
2021-10-21 14:00:00,154.57094833493656
2021-10-21 15:00:00,153.7630542292679
2021-10-21 16:00:00,143.15041505955205
2021-10-21 17:00:00,139.98218528391925
2021-10-21 18:00:00,136.9589864387404
2021-10-21 19:00:00,134.88647470037034
2021-10-21 20:00:00,137.71063963315254
2021-10-21 21:00:00,138.78274757451663
2021-10-21 22:00:00,139.17707541076894
2021-10-21 23:00:00,141.2540004174316
2021-10-22 00:00:00,136.67176934311635
2021-10-22 01:00:00,135.91859038407824
2021-10-22 02:00:00,146.5065950726677
2021-10-22 03:00:00,145.25368834709022
2021-10-22 04:00:00,145.79340156343858
2021-10-22 05:00:00,151.84117341527931
2021-10-22 06:00:00,149.24156623148951
2021-10-22 07:00:00,149.1357764153809
2021-10-22 08:00:00,146.3390843467773
2021-10-22 09:00:00,151.33811688840336
2021-10-22 10:00:00,153.79502614532848
2021-10-22 11:00:00,151.399548592512
2021-10-22 12:00:00,151.73795567213028
2021-10-22 13:00:00,154.5350671736403
2021-10-22 14:00:00,157.05010866222398
2021-10-22 15:00:00,146.37891381635106
2021-10-22 16:00:00,144.0794560245314
2021-10-22 17:00:00,138.04555303699223
2021-10-22 18:00:00,142.2889310559237
2021-10-22 19:00:00,136.93406981103342
2021-10-22 20:00:00,139.57729051604
2021-10-22 21:00:00,141.51010474624087
2021-10-22 22:00:00,141.37956592645466
2021-10-22 23:00:00,135.11239774667203
2021-10-23 00:00:00,140.92012983683443
2021-10-23 01:00:00,141.64006884707905
2021-10-23 02:00:00,143.69501634992966
2021-10-23 03:00:00,143.06584801184147
2021-10-23 04:00:00,145.07155022047894
2021-10-23 05:00:00,146.41541750160175
2021-10-23 06:00:00,147.3684940193733
2021-10-23 07:00:00,144.32505124734706
2021-10-23 08:00:00,146.53531410354915
2021-10-23 09:00:00,146.46793652165377
2021-10-23 10:00:00,148.16954995538651
2021-10-23 11:00:00,143.36616565166497
2021-10-23 12:00:00,137.9963676434559
2021-10-23 13:00:00,149.34998548303395
2021-10-23 14:00:00,149.43810984150485
2021-10-23 15:00:00,148.1187481359137
2021-10-23 16:00:00,146.9040879662281
2021-10-23 17:00:00,152.3348966603922
2021-10-23 18:00:00,149.27869563131173
2021-10-23 19:00:00,148.72549356057485
2021-10-23 20:00:00,149.08976793746788
2021-10-23 21:00:00,147.51392639763571
2021-10-23 22:00:00,149.32953636189856
2021-10-23 23:00:00,149.84237936442332
2021-10-24 00:00:00,150.83179459330557
2021-10-24 01:00:00,155.53713595050525
2021-10-24 02:00:00,154.24052819824635
2021-10-24 03:00:00,153.57558763968174
2021-10-24 04:00:00,154.22113027721542
2021-10-24 05:00:00,155.19348258698824
2021-10-24 06:00:00,152.61112749318704
2021-10-24 07:00:00,151.90862278985833
2021-10-24 08:00:00,149.40071353977217
2021-10-24 09:00:00,150.21447792765554
2021-10-24 10:00:00,147.81718695947887
2021-10-24 11:00:00,149.62328347513144
2021-10-24 12:00:00,150.20362786775914
2021-10-24 13:00:00,141.92746467151926
2021-10-24 14:00:00,141.97730601446142
2021-10-24 15:00:00,141.6274266761879
2021-10-24 16:00:00,137.77793432658225
2021-10-24 17:00:00,132.29311688067216
2021-10-24 18:00:00,137.06683646759456
2021-10-24 19:00:00,136.19841117957753
2021-10-24 20:00:00,129.35524644686743
2021-10-24 21:00:00,134.9746909559356
2021-10-24 22:00:00,138.80131114288116
2021-10-24 23:00:00,141.14164492790505
2021-10-25 00:00:00,141.0971170629772
2021-10-25 01:00:00,141.62908733492995
2021-10-25 02:00:00,147.93108852528675
2021-10-25 03:00:00,148.56703718446795
2021-10-25 04:00:00,149.70450824385935
2021-10-25 05:00:00,151.18994176514417
2021-10-25 06:00:00,153.91523323433094
2021-10-25 07:00:00,153.41779910536235
2021-10-25 08:00:00,153.80629513819505
2021-10-25 09:00:00,157.62936308951552
2021-10-25 10:00:00,157.31309401223157
2021-10-25 11:00:00,157.1200397256871
2021-10-25 12:00:00,156.48037179344513
2021-10-25 13:00:00,157.20072764792292
2021-10-25 14:00:00,156.53284822452613
2021-10-25 15:00:00,160.69933770638045
2021-10-25 16:00:00,161.146238428805
2021-10-25 17:00:00,165.55071452115754
2021-10-25 18:00:00,166.22904960486824
2021-10-25 19:00:00,160.94706661603738
2021-10-25 20:00:00,161.97138368564444
2021-10-25 21:00:00,159.62411178703636
2021-10-25 22:00:00,160.0228384163109
2021-10-25 23:00:00,161.00582339199903
2021-10-26 00:00:00,164.80861685393305
2021-10-26 01:00:00,166.1535342101338
2021-10-26 02:00:00,171.44945570028415
2021-10-26 03:00:00,170.73680595137736
2021-10-26 04:00:00,174.37825007434148
2021-10-26 05:00:00,177.26061087262588
2021-10-26 06:00:00,173.9409861966836
2021-10-26 07:00:00,175.83553721701432
2021-10-26 08:00:00,176.2746744448284
2021-10-26 09:00:00,179.74401687304396
2021-10-26 10:00:00,183.78358951705457
2021-10-26 11:00:00,182.82353080498058
2021-10-26 12:00:00,183.80788600039529
2021-10-26 13:00:00,180.88552404929274
2021-10-26 14:00:00,181.2859610978209
2021-10-26 15:00:00,179.13727408076014
2021-10-26 16:00:00,173.41515673161717
2021-10-26 17:00:00,180.01003391410376
2021-10-26 18:00:00,176.96630399690028
2021-10-26 19:00:00,184.18673621106703
2021-10-26 20:00:00,184.80598005571903
2021-10-26 21:00:00,184.97837961804305
2021-10-26 22:00:00,189.373567472202
2021-10-26 23:00:00,179.22505886474727
2021-10-27 00:00:00,166.95779234380097
2021-10-27 01:00:00,171.23524426138647
2021-10-27 02:00:00,177.77804843596564
2021-10-27 03:00:00,176.02166169936058
2021-10-27 04:00:00,177.97405296208308
2021-10-27 05:00:00,181.10633951262258
2021-10-27 06:00:00,186.9498848077675
2021-10-27 07:00:00,182.8724366133859
2021-10-27 08:00:00,181.23279757451323
2021-10-27 09:00:00,162.2145868152027
2021-10-27 10:00:00,141.35254080784676
2021-10-27 11:00:00,135.1979991144893
2021-10-27 12:00:00,138.08109872031048
2021-10-27 13:00:00,133.5578321074893
2021-10-27 14:00:00,140.80134664898486
2021-10-27 15:00:00,136.45357631995535
2021-10-27 16:00:00,141.83217086548694
2021-10-27 17:00:00,136.1311588336433
2021-10-27 18:00:00,136.27259382666
2021-10-27 19:00:00,134.70028076894974
2021-10-27 20:00:00,132.32312378074403
2021-10-27 21:00:00,134.01471474820386
2021-10-27 22:00:00,132.67261090653795
2021-10-27 23:00:00,135.51312506917282
2021-10-28 00:00:00,131.57606677152063
2021-10-28 01:00:00,123.38276690504583
2021-10-28 02:00:00,121.35642394896772
2021-10-28 03:00:00,133.62455358090196
2021-10-28 04:00:00,133.25155328223428
2021-10-28 05:00:00,132.48307975765667
2021-10-28 06:00:00,132.70733824358956
2021-10-28 07:00:00,138.92555787636329
2021-10-28 08:00:00,138.22594983000255
2021-10-28 09:00:00,136.9570419049714
2021-10-28 10:00:00,156.62414494892369
2021-10-28 11:00:00,157.0892292900589
2021-10-28 12:00:00,153.65325079225974
2021-10-28 13:00:00,152.82214866602163
2021-10-28 14:00:00,156.13177024662224
2021-10-28 15:00:00,157.96474789731803
2021-10-28 16:00:00,157.61744887888315
2021-10-28 17:00:00,155.60768658448254
2021-10-28 18:00:00,157.01670705759338
2021-10-28 19:00:00,158.60519150202902
2021-10-28 20:00:00,150.65876486605447
2021-10-28 21:00:00,160.6328274361245
2021-10-28 22:00:00,160.29013817623073
2021-10-28 23:00:00,156.27379945723885
2021-10-29 00:00:00,157.15191399698722
2021-10-29 01:00:00,159.1641509217941
2021-10-29 02:00:00,166.9542648045584
2021-10-29 03:00:00,170.0857405425014
2021-10-29 04:00:00,171.51298163693062
2021-10-29 05:00:00,173.9133111524704
2021-10-29 06:00:00,173.29144969885513
2021-10-29 07:00:00,167.4686057494276
2021-10-29 08:00:00,170.24450192310346
2021-10-29 09:00:00,164.70196727848764
2021-10-29 10:00:00,169.5124990293983
2021-10-29 11:00:00,168.1264864022027
2021-10-29 12:00:00,168.9671500126487
2021-10-29 13:00:00,168.3358359983889
2021-10-29 14:00:00,168.07198115672338
2021-10-29 15:00:00,173.6856009077688
2021-10-29 16:00:00,169.68217654682263
2021-10-29 17:00:00,178.0969259225923
2021-10-29 18:00:00,180.80060911011395
2021-10-29 19:00:00,179.26064107248092
2021-10-29 20:00:00,176.22263807182352
2021-10-29 21:00:00,178.61168195733327
2021-10-29 22:00:00,178.16246326090106
2021-10-29 23:00:00,178.55748899572478
2021-10-30 00:00:00,179.05722475377502
2021-10-30 01:00:00,179.54026913464085
2021-10-30 02:00:00,174.5658205397116
2021-10-30 03:00:00,174.02086862813104
2021-10-30 04:00:00,173.2980185407921
2021-10-30 05:00:00,170.8354201434214
2021-10-30 06:00:00,171.60641413838763
2021-10-30 07:00:00,174.11513328171907
2021-10-30 08:00:00,175.2380286354003
2021-10-30 09:00:00,175.25370547927182
2021-10-30 10:00:00,171.0729725827452
2021-10-30 11:00:00,172.0249221361686
2021-10-30 12:00:00,175.4831253220801
2021-10-30 13:00:00,176.28539272071814
2021-10-30 14:00:00,176.0259071317796
2021-10-30 15:00:00,174.86289734755303
2021-10-30 16:00:00,169.5178152852304
2021-10-30 17:00:00,172.63003311757546
2021-10-30 18:00:00,170.36150260158888
2021-10-30 19:00:00,172.61089933607184
2021-10-30 20:00:00,176.63989005917776
2021-10-30 21:00:00,177.23612208747636
2021-10-30 22:00:00,174.99372666994228
2021-10-30 23:00:00,173.6622568894571
2021-10-31 00:00:00,170.48090336192934
2021-10-31 01:00:00,175.76903308435283
2021-10-31 02:00:00,180.29150764568098
2021-10-31 03:00:00,176.49956840881995
2021-10-31 04:00:00,178.83915180435474
2021-10-31 05:00:00,179.09293370425502
2021-10-31 06:00:00,179.08699714477675
2021-10-31 07:00:00,177.9036710338634
2021-10-31 08:00:00,176.1018300867425
2021-10-31 09:00:00,177.78738859969198
2021-10-31 10:00:00,171.52968146216546
2021-10-31 11:00:00,172.70082323723108
2021-10-31 12:00:00,170.54200091479785
2021-10-31 13:00:00,165.73909260622474
2021-10-31 14:00:00,164.9377712337145
2021-10-31 15:00:00,165.90554597883857
2021-10-31 16:00:00,166.5539768165215
2021-10-31 17:00:00,168.3237862888327
2021-10-31 18:00:00,172.14919426249247
2021-10-31 19:00:00,173.0848118923125
2021-10-31 20:00:00,172.60951952398634
2021-10-31 21:00:00,173.2228885603383
2021-10-31 22:00:00,175.82634386600336
2021-10-31 23:00:00,181.6694645159468
2021-11-01 00:00:00,181.4203915716018
2021-11-01 01:00:00,181.90579302665316
2021-11-01 02:00:00,185.5585868789959
2021-11-01 03:00:00,181.5646236775613
2021-11-01 04:00:00,174.45135702768675
2021-11-01 05:00:00,168.3533098814105
2021-11-01 06:00:00,173.81280529313264
2021-11-01 07:00:00,174.99562227038905
2021-11-01 08:00:00,177.35614842926051
2021-11-01 09:00:00,185.99075778362314
2021-11-01 10:00:00,185.02175692013657
2021-11-01 11:00:00,187.29323000279848
2021-11-01 12:00:00,186.78214382422996
2021-11-01 13:00:00,184.10696910707654
2021-11-01 14:00:00,185.6305160768367
2021-11-01 15:00:00,190.7000158455844
2021-11-01 16:00:00,187.33281641567638
2021-11-01 17:00:00,191.62894237055949
2021-11-01 18:00:00,188.01210555791027
2021-11-01 19:00:00,186.73825206981746
2021-11-01 20:00:00,185.4364337689603
2021-11-01 21:00:00,192.84235396158888
2021-11-01 22:00:00,188.96790008999167
2021-11-01 23:00:00,189.55971066742416
2021-11-02 00:00:00,190.78270751098435
2021-11-02 01:00:00,192.4207957470439
2021-11-02 02:00:00,190.5760545714659
2021-11-02 03:00:00,192.21522804759627
2021-11-02 04:00:00,190.80718443191725
2021-11-02 05:00:00,193.2272544235097
2021-11-02 06:00:00,195.21201431415545
2021-11-02 07:00:00,195.54569261759556
2021-11-02 08:00:00,196.03446776803747
2021-11-02 09:00:00,192.19814901552502
2021-11-02 10:00:00,193.4753241746856
2021-11-02 11:00:00,200.40967771180857
2021-11-02 12:00:00,201.46009926396428
2021-11-02 13:00:00,198.7166949067877
2021-11-02 14:00:00,200.98283555194786
2021-11-02 15:00:00,205.0073962700522
2021-11-02 16:00:00,204.36085855783972
2021-11-02 17:00:00,208.13418291425552
2021-11-02 18:00:00,209.01664015563603
2021-11-02 19:00:00,207.69621175094923
2021-11-02 20:00:00,209.46452203479055
2021-11-02 21:00:00,211.07261489264422
2021-11-02 22:00:00,206.94104861242658
2021-11-02 23:00:00,207.57779981655875
2021-11-03 00:00:00,208.5619646306693
2021-11-03 01:00:00,211.20869810909622
2021-11-03 02:00:00,212.72754226792935
2021-11-03 03:00:00,213.58112964758104
2021-11-03 04:00:00,215.46638691928896
2021-11-03 05:00:00,214.82082164433396
2021-11-03 06:00:00,209.75373314785207
2021-11-03 07:00:00,213.7708975434404
2021-11-03 08:00:00,214.11265097685305
2021-11-03 09:00:00,220.52233818593552
2021-11-03 10:00:00,217.1150760077992
2021-11-03 11:00:00,220.41725139068328
2021-11-03 12:00:00,218.71147407982124
2021-11-03 13:00:00,219.48302463957566
2021-11-03 14:00:00,208.51658713474512
2021-11-03 15:00:00,205.46053980889621
2021-11-03 16:00:00,209.41369856067442
2021-11-03 17:00:00,213.30468513973693
2021-11-03 18:00:00,211.42336741269662
2021-11-03 19:00:00,215.38870586850115
2021-11-03 20:00:00,224.62547812371278
2021-11-03 21:00:00,222.40486259181552
2021-11-03 22:00:00,224.4223929987575
2021-11-03 23:00:00,226.1568392644361
2021-11-04 00:00:00,223.42883821741142
2021-11-04 01:00:00,227.12812738239003
2021-11-04 02:00:00,223.7923588850157
2021-11-04 03:00:00,223.41312097449116
2021-11-04 04:00:00,224.12503184774684
2021-11-04 05:00:00,223.38878560889611
2021-11-04 06:00:00,225.08485780454174
2021-11-04 07:00:00,220.50188310791378
2021-11-04 08:00:00,223.7302433490835
2021-11-04 09:00:00,216.50240520673935
2021-11-04 10:00:00,216.2234682920885
2021-11-04 11:00:00,218.52040341153318
2021-11-04 12:00:00,220.89139029793742
2021-11-04 13:00:00,217.25139450930953
2021-11-04 14:00:00,222.156658802068
2021-11-04 15:00:00,223.48027602618163
2021-11-04 16:00:00,219.32686957546545
2021-11-04 17:00:00,211.81213337953042
2021-11-04 18:00:00,213.25340683282676
2021-11-04 19:00:00,208.75324392163253
2021-11-04 20:00:00,208.95303683458306
2021-11-04 21:00:00,215.07902056025216
2021-11-04 22:00:00,217.5125972695357
2021-11-04 23:00:00,218.9582267739087
2021-11-05 00:00:00,220.05642036362414
2021-11-05 01:00:00,221.53998506586646
2021-11-05 02:00:00,214.99201715605082
2021-11-05 03:00:00,221.7778617104166
2021-11-05 04:00:00,221.09260031757705
2021-11-05 05:00:00,225.29015449328307
2021-11-05 06:00:00,225.0033846911989
2021-11-05 07:00:00,226.06273548448047
2021-11-05 08:00:00,225.76938393240462
2021-11-05 09:00:00,226.59839038057274
2021-11-05 10:00:00,227.5524993564108
2021-11-05 11:00:00,225.78114404390283
2021-11-05 12:00:00,225.17284009702186
2021-11-05 13:00:00,223.08892173116405
2021-11-05 14:00:00,226.3744057351307
2021-11-05 15:00:00,229.83415010522128
2021-11-05 16:00:00,224.44773200132613
2021-11-05 17:00:00,221.81555066113944
2021-11-05 18:00:00,225.15905749533013
2021-11-05 19:00:00,225.32781085817493
2021-11-05 20:00:00,226.68427218356746
2021-11-05 21:00:00,223.93838519054532
2021-11-05 22:00:00,219.81216013222405
2021-11-05 23:00:00,222.3486369943509
2021-11-06 00:00:00,223.58310541022905
2021-11-06 01:00:00,223.32664450815614
2021-11-06 02:00:00,224.64109791657475
2021-11-06 03:00:00,224.01783995906607
2021-11-06 04:00:00,220.7450158737221
2021-11-06 05:00:00,222.2340437902459
2021-11-06 06:00:00,222.85427123452473
2021-11-06 07:00:00,224.7750799949238
2021-11-06 08:00:00,224.26585574963593
2021-11-06 09:00:00,220.97398851623836
2021-11-06 10:00:00,221.55303559054937
2021-11-06 11:00:00,220.80949044741317
2021-11-06 12:00:00,213.54964939156747
2021-11-06 13:00:00,208.91447304007445
2021-11-06 14:00:00,207.54818967630473
2021-11-06 15:00:00,211.59024984284295
2021-11-06 16:00:00,212.47437406790036
2021-11-06 17:00:00,214.3971936048355
2021-11-06 18:00:00,214.46619501642198
2021-11-06 19:00:00,215.07127505130885
2021-11-06 20:00:00,217.14142507163157
2021-11-06 21:00:00,221.83196031572916
2021-11-06 22:00:00,221.8763881833817
2021-11-06 23:00:00,224.8344695690488
2021-11-07 00:00:00,224.58766877521353
2021-11-07 01:00:00,226.44783842027346
2021-11-07 02:00:00,228.0684532469969
2021-11-07 03:00:00,228.5011670148041
2021-11-07 04:00:00,228.85199494247288
2021-11-07 05:00:00,229.9301747295575
2021-11-07 06:00:00,230.86994449200986
2021-11-07 07:00:00,230.1054355522214
2021-11-07 08:00:00,229.30354501969367
2021-11-07 09:00:00,229.59989854764856
2021-11-07 10:00:00,230.1065036005417
2021-11-07 11:00:00,233.25512053901477
2021-11-07 12:00:00,233.33801584083182
2021-11-07 13:00:00,234.0236148605344
2021-11-07 14:00:00,232.758217181983
2021-11-07 15:00:00,234.6430679944575
2021-11-07 16:00:00,235.71198611287545
2021-11-07 17:00:00,236.51338446092797
2021-11-07 18:00:00,237.56495292059947
2021-11-07 19:00:00,238.0417603272109
2021-11-07 20:00:00,239.225746836319
2021-11-07 21:00:00,238.87424313215686
2021-11-07 22:00:00,241.05171704228565
2021-11-07 23:00:00,240.73268226045832
2021-11-08 00:00:00,238.87083216262843
2021-11-08 01:00:00,241.4253059847539
2021-11-08 02:00:00,247.00462289573238
2021-11-08 03:00:00,246.3387202954293
2021-11-08 04:00:00,247.25520288263567
2021-11-08 05:00:00,248.86143942267762
2021-11-08 06:00:00,249.0996420321867
2021-11-08 07:00:00,249.66528434837483
2021-11-08 08:00:00,253.01987307896547
2021-11-08 09:00:00,251.04037574256583
2021-11-08 10:00:00,251.1928932456218
2021-11-08 11:00:00,251.27768701138118
2021-11-08 12:00:00,252.38637601011075
2021-11-08 13:00:00,253.610891887801
2021-11-08 14:00:00,254.36544330913213
2021-11-08 15:00:00,250.49200350192044
2021-11-08 16:00:00,253.15515920547838
2021-11-08 17:00:00,258.15878610942866
2021-11-08 18:00:00,258.5770695948579
2021-11-08 19:00:00,261.61911810938886
2021-11-08 20:00:00,261.7847629438402
2021-11-08 21:00:00,259.9390280081043
2021-11-08 22:00:00,259.27392998921385
2021-11-08 23:00:00,261.10822629020595
2021-11-09 00:00:00,262.18099151981676
2021-11-09 01:00:00,266.67378487336737
2021-11-09 02:00:00,266.6132208462941
2021-11-09 03:00:00,266.5765072232842
2021-11-09 04:00:00,268.4338619994651
2021-11-09 05:00:00,271.664671484756
2021-11-09 06:00:00,270.9208308277331
2021-11-09 07:00:00,273.1184330673742
2021-11-09 08:00:00,272.2080786894014
2021-11-09 09:00:00,270.3625380920492
2021-11-09 10:00:00,273.2703860239754
2021-11-09 11:00:00,275.4793325694382
2021-11-09 12:00:00,274.6797086946735
2021-11-09 13:00:00,270.05762191599274
2021-11-09 14:00:00,271.80027526198575
2021-11-09 15:00:00,277.8315379133983
2021-11-09 16:00:00,274.00721057023486
2021-11-09 17:00:00,273.6476358297402
2021-11-09 18:00:00,272.26933062060914
2021-11-09 19:00:00,273.8644098121929
2021-11-09 20:00:00,269.60140243673476
2021-11-09 21:00:00,270.36514622618415
2021-11-09 22:00:00,272.6104556080581
2021-11-09 23:00:00,273.60111461082096
2021-11-10 00:00:00,272.45068859635535
2021-11-10 01:00:00,268.8234852652086
2021-11-10 02:00:00,266.2743434030487
2021-11-10 03:00:00,267.5146080721011
2021-11-10 04:00:00,267.9179622739921
2021-11-10 05:00:00,261.1573316348694
2021-11-10 06:00:00,265.2248100524157
2021-11-10 07:00:00,262.2523343982108
2021-11-10 08:00:00,267.5864071770883
2021-11-10 09:00:00,267.13570285928955
2021-11-10 10:00:00,267.9339154227439
2021-11-10 11:00:00,269.2878911488174
2021-11-10 12:00:00,273.2523693088447
2021-11-10 13:00:00,272.902145596891
2021-11-10 14:00:00,269.42811052751483
2021-11-10 15:00:00,280.36545053493467
2021-11-10 16:00:00,284.1625918750859
2021-11-10 17:00:00,287.01893750511005
2021-11-10 18:00:00,287.86315452762307
2021-11-10 19:00:00,285.7667787797697
2021-11-10 20:00:00,278.7033412505235
2021-11-10 21:00:00,265.11251910574873
2021-11-10 22:00:00,254.57905094709207
2021-11-10 23:00:00,235.34839044562776
2021-11-11 00:00:00,246.76825767884057
2021-11-11 01:00:00,244.6656499365721
2021-11-11 02:00:00,247.7907335162203
2021-11-11 03:00:00,245.18718832705574
2021-11-11 04:00:00,244.86486470170973
2021-11-11 05:00:00,248.12532561708056
2021-11-11 06:00:00,247.64036796780084
2021-11-11 07:00:00,252.40460518420454
2021-11-11 08:00:00,255.65940744294628
2021-11-11 09:00:00,259.6374016879553
2021-11-11 10:00:00,261.74186184165666
2021-11-11 11:00:00,262.3527202366476
2021-11-11 12:00:00,260.1644930561179
2021-11-11 13:00:00,260.7120578192258
2021-11-11 14:00:00,257.8310650388121
2021-11-11 15:00:00,254.99694421542497
2021-11-11 16:00:00,257.55687611583556
2021-11-11 17:00:00,255.87979747617393
2021-11-11 18:00:00,259.8932082179773
2021-11-11 19:00:00,256.8625399219337
2021-11-11 20:00:00,255.04083355672643
2021-11-11 21:00:00,259.0923475928012
2021-11-11 22:00:00,255.14101202925588
2021-11-11 23:00:00,258.1661580011821
2021-11-12 00:00:00,259.3261146003156
2021-11-12 01:00:00,254.1924424230042
2021-11-12 02:00:00,256.28989205902053
2021-11-12 03:00:00,258.7811486171187
2021-11-12 04:00:00,259.4899014855791
2021-11-12 05:00:00,259.25725311834407
2021-11-12 06:00:00,259.9018711133504
2021-11-12 07:00:00,254.95877602420464
2021-11-12 08:00:00,252.20488856527365
2021-11-12 09:00:00,250.25789059344623
2021-11-12 10:00:00,255.1819254374631
2021-11-12 11:00:00,239.04269478902148
2021-11-12 12:00:00,239.45516240105715
2021-11-12 13:00:00,240.82425187368364
2021-11-12 14:00:00,244.62017335120422
2021-11-12 15:00:00,245.4382304238974
2021-11-12 16:00:00,240.32373251910715
2021-11-12 17:00:00,238.25530284589
2021-11-12 18:00:00,237.67966081657312
2021-11-12 19:00:00,243.1357338090616
2021-11-12 20:00:00,245.52174353262515
2021-11-12 21:00:00,244.2754695715161
2021-11-12 22:00:00,248.4030695483216
2021-11-12 23:00:00,247.16968287619065
2021-11-13 00:00:00,246.88622521030973
2021-11-13 01:00:00,248.15735593983365
2021-11-13 02:00:00,251.1998803280662
2021-11-13 03:00:00,246.48261118038
2021-11-13 04:00:00,246.93016942946423
2021-11-13 05:00:00,247.82557368342046
2021-11-13 06:00:00,246.12092748581094
2021-11-13 07:00:00,245.87469514328487
2021-11-13 08:00:00,250.70884562146193
2021-11-13 09:00:00,251.28565451600272
2021-11-13 10:00:00,249.9204516924387
2021-11-13 11:00:00,246.41895391882872
2021-11-13 12:00:00,250.03083911012408
2021-11-13 13:00:00,248.75982472421882
2021-11-13 14:00:00,246.55451987732033
2021-11-13 15:00:00,247.98601991326953
2021-11-13 16:00:00,256.5151521098906
2021-11-13 17:00:00,256.8975347034174
2021-11-13 18:00:00,258.39902289351215
2021-11-13 19:00:00,260.15931669180287
2021-11-13 20:00:00,254.55496163899156
2021-11-13 21:00:00,254.2869229771173
2021-11-13 22:00:00,258.12187771503204
2021-11-13 23:00:00,257.071821362221
2021-11-14 00:00:00,256.74231910216025
2021-11-14 01:00:00,257.2039589463618
2021-11-14 02:00:00,260.8069728885852
2021-11-14 03:00:00,258.99893929798
2021-11-14 04:00:00,257.16276426210345
2021-11-14 05:00:00,256.89658638640446
2021-11-14 06:00:00,257.52075034234497
2021-11-14 07:00:00,258.3065008841894
2021-11-14 08:00:00,257.9337040673568
2021-11-14 09:00:00,255.30157737249525
2021-11-14 10:00:00,252.9714420866019
2021-11-14 11:00:00,255.04858127362533
2021-11-14 12:00:00,257.35643362643907
2021-11-14 13:00:00,259.08238916721905
2021-11-14 14:00:00,258.6928888293018
2021-11-14 15:00:00,260.3556514050902
2021-11-14 16:00:00,256.9955866286563
2021-11-14 17:00:00,253.9903317776569
2021-11-14 18:00:00,248.34477557077685
2021-11-14 19:00:00,252.63388758009228
2021-11-14 20:00:00,251.44756558273377
2021-11-14 21:00:00,252.70852932684707
2021-11-14 22:00:00,253.42140847672144
2021-11-14 23:00:00,255.61187191176776
2021-11-15 00:00:00,257.1685075020146
2021-11-15 01:00:00,261.78514886894635
2021-11-15 02:00:00,266.0906839757524
2021-11-15 03:00:00,267.80325710119956
2021-11-15 04:00:00,266.11004971007145
2021-11-15 05:00:00,266.34135756952355
2021-11-15 06:00:00,267.48154024125904
2021-11-15 07:00:00,267.7097084794291
2021-11-15 08:00:00,269.15021607821086
2021-11-15 09:00:00,267.5719473194027
2021-11-15 10:00:00,268.62029980443936
2021-11-15 11:00:00,270.182372265137
2021-11-15 12:00:00,270.64715191266566
2021-11-15 13:00:00,269.8271580586521
2021-11-15 14:00:00,268.7904675745026
2021-11-15 15:00:00,268.0857214884136
2021-11-15 16:00:00,263.23632593727774
2021-11-15 17:00:00,260.6095485972276
2021-11-15 18:00:00,259.6784921127659
2021-11-15 19:00:00,258.5923603897891
2021-11-15 20:00:00,256.4525895687653
2021-11-15 21:00:00,258.3309481675172
2021-11-15 22:00:00,251.62514532763484
2021-11-15 23:00:00,252.72595157978864
2021-11-16 00:00:00,253.0739859163767
2021-11-16 01:00:00,249.74841757418335
2021-11-16 02:00:00,234.14646054861296
2021-11-16 03:00:00,229.8947416987921
2021-11-16 04:00:00,222.3179847477499
2021-11-16 05:00:00,216.64941516682856
2021-11-16 06:00:00,221.47245504817363
2021-11-16 07:00:00,219.15616117295173
2021-11-16 08:00:00,219.8170492303984
2021-11-16 09:00:00,218.9271070951281
2021-11-16 10:00:00,221.66967812365883
2021-11-16 11:00:00,208.1524920472986
2021-11-16 12:00:00,202.2737297773727
2021-11-16 13:00:00,207.51800471996927
2021-11-16 14:00:00,199.92261426226258
2021-11-16 15:00:00,209.4254663014286
2021-11-16 16:00:00,215.66318334792157
2021-11-16 17:00:00,210.84962449046384
2021-11-16 18:00:00,213.08313217917328
2021-11-16 19:00:00,211.61117111133143
2021-11-16 20:00:00,206.339020015411
2021-11-16 21:00:00,210.85476206755203
2021-11-16 22:00:00,201.67215313631638
2021-11-16 23:00:00,211.40690435993923
2021-11-17 00:00:00,212.98626960828548
2021-11-17 01:00:00,205.65293119669204
2021-11-17 02:00:00,205.21635444732212
2021-11-17 03:00:00,201.05611046075364
2021-11-17 04:00:00,198.18570926039385
2021-11-17 05:00:00,193.77119060693607
2021-11-17 06:00:00,197.64015461426126
2021-11-17 07:00:00,202.4812688570776
2021-11-17 08:00:00,201.03438187478267
2021-11-17 09:00:00,205.0610519184211
2021-11-17 10:00:00,203.98329116686938
2021-11-17 11:00:00,195.38265274413962
2021-11-17 12:00:00,212.70624311668507
2021-11-17 13:00:00,216.34413352245156
2021-11-17 14:00:00,214.13980644185162
2021-11-17 15:00:00,210.3738815071987
2021-11-17 16:00:00,203.188577374735
2021-11-17 17:00:00,205.54032904316767
2021-11-17 18:00:00,212.20952550415183
2021-11-17 19:00:00,211.9104346862128
2021-11-17 20:00:00,213.64960590185797
2021-11-17 21:00:00,209.58637505767229
2021-11-17 22:00:00,214.8160724429935
2021-11-17 23:00:00,212.51811040641482
2021-11-18 00:00:00,210.3207173498585
2021-11-18 01:00:00,215.16069218206704
2021-11-18 02:00:00,220.35299961075694
2021-11-18 03:00:00,221.29932066705908
2021-11-18 04:00:00,223.45822500707467
2021-11-18 05:00:00,215.8708012978449
2021-11-18 06:00:00,209.7987558938037
2021-11-18 07:00:00,209.36860367522993
2021-11-18 08:00:00,207.97073026533195
2021-11-18 09:00:00,207.28737701269574
2021-11-18 10:00:00,206.30489324947604
2021-11-18 11:00:00,200.26687496262818
2021-11-18 12:00:00,206.72617481358174
2021-11-18 13:00:00,200.2960942917585
2021-11-18 14:00:00,199.96860416968528
2021-11-18 15:00:00,197.0905283965623
2021-11-18 16:00:00,191.20739304584745
2021-11-18 17:00:00,181.89395461455342
2021-11-18 18:00:00,172.38494516659122
2021-11-18 19:00:00,177.0652810526027
2021-11-18 20:00:00,182.97548162875606
2021-11-18 21:00:00,184.80124922484814
2021-11-18 22:00:00,184.90608856336698
2021-11-18 23:00:00,180.4092943942871
2021-11-19 00:00:00,174.10250982992272
2021-11-19 01:00:00,177.37633445912672
2021-11-19 02:00:00,188.57155780919598
2021-11-19 03:00:00,178.64946760010451
2021-11-19 04:00:00,173.0285657460307
2021-11-19 05:00:00,173.01006443791016
2021-11-19 06:00:00,181.96603161884323
2021-11-19 07:00:00,185.96578076053794
2021-11-19 08:00:00,182.97459440129114
2021-11-19 09:00:00,181.55509222338216
2021-11-19 10:00:00,193.11867649325137
2021-11-19 11:00:00,195.64495277671898
2021-11-19 12:00:00,193.66175891271655
2021-11-19 13:00:00,193.34014364448657
2021-11-19 14:00:00,196.4159402478623
2021-11-19 15:00:00,203.88213319447598
2021-11-19 16:00:00,209.20253899325078
2021-11-19 17:00:00,207.94508768763717
2021-11-19 18:00:00,209.58537656958615
2021-11-19 19:00:00,208.30679105696575
2021-11-19 20:00:00,208.63065554289605
2021-11-19 21:00:00,210.5963755086594
2021-11-19 22:00:00,207.69769926649087
2021-11-19 23:00:00,208.1628697598812
2021-11-20 00:00:00,208.1157496146741
2021-11-20 01:00:00,209.89733944545137
2021-11-20 02:00:00,211.05933534096727
2021-11-20 03:00:00,215.16067907542993
2021-11-20 04:00:00,212.3834879303936
2021-11-20 05:00:00,209.30510248372286
2021-11-20 06:00:00,210.90182289002277
2021-11-20 07:00:00,208.8357280886582
2021-11-20 08:00:00,211.568423657102
2021-11-20 09:00:00,210.02888952900693
2021-11-20 10:00:00,212.06784391881783
2021-11-20 11:00:00,212.282000171644
2021-11-20 12:00:00,212.74643948347557
2021-11-20 13:00:00,214.64962040112255
2021-11-20 14:00:00,213.92210793968619
2021-11-20 15:00:00,211.59147938048613
2021-11-20 16:00:00,208.5458571135637
2021-11-20 17:00:00,197.7815790364358
2021-11-20 18:00:00,200.57353082927506
2021-11-20 19:00:00,200.683179118717
2021-11-20 20:00:00,214.15782888288095
2021-11-20 21:00:00,212.89221992228315
2021-11-20 22:00:00,213.32915897602936
2021-11-20 23:00:00,215.56176395601932
2021-11-21 00:00:00,216.9803549036577
2021-11-21 01:00:00,217.95537968384892
2021-11-21 02:00:00,213.41799443191206
2021-11-21 03:00:00,211.85458386300337
2021-11-21 04:00:00,208.58730527080482
2021-11-21 05:00:00,205.29163276170465
2021-11-21 06:00:00,205.36505355563497
2021-11-21 07:00:00,210.16687264389674
2021-11-21 08:00:00,210.9484656581824
2021-11-21 09:00:00,209.08693644606615
2021-11-21 10:00:00,205.97736369158767
2021-11-21 11:00:00,208.85748560897935
2021-11-21 12:00:00,205.57536493830557
2021-11-21 13:00:00,205.5070284423992
2021-11-21 14:00:00,207.19786304262396
2021-11-21 15:00:00,205.18973507140802
2021-11-21 16:00:00,208.43704042113552
2021-11-21 17:00:00,213.74611341283793
2021-11-21 18:00:00,218.91143284916814
2021-11-21 19:00:00,214.53680511007533
2021-11-21 20:00:00,215.09827596509632
2021-11-21 21:00:00,212.06479450445514
2021-11-21 22:00:00,217.30685119131041
2021-11-21 23:00:00,217.52749288654488
2021-11-22 00:00:00,212.71435165661265
2021-11-22 01:00:00,206.802470862501
2021-11-22 02:00:00,199.6064356254487
2021-11-22 03:00:00,199.75540089919156
2021-11-22 04:00:00,195.19624445540333
2021-11-22 05:00:00,192.03312270098283
2021-11-22 06:00:00,188.56109146271166
2021-11-22 07:00:00,193.80186816392185
2021-11-22 08:00:00,193.28306767648345
2021-11-22 09:00:00,194.15664788295794
2021-11-22 10:00:00,195.74564522825182
2021-11-22 11:00:00,195.06190539570702
2021-11-22 12:00:00,199.04973437991148
2021-11-22 13:00:00,195.92750667562981
2021-11-22 14:00:00,196.13072057133078
2021-11-22 15:00:00,205.67532789349522
2021-11-22 16:00:00,200.81452794757595
2021-11-22 17:00:00,201.30490284837555
2021-11-22 18:00:00,201.28695474165153
2021-11-22 19:00:00,198.2462778152678
2021-11-22 20:00:00,190.6400680672639
2021-11-22 21:00:00,183.46862417119198
2021-11-22 22:00:00,183.76235297153366
2021-11-22 23:00:00,187.50638536703676
2021-11-23 00:00:00,192.8366548134191
2021-11-23 01:00:00,188.71920469217412
2021-11-23 02:00:00,192.5444051180634
2021-11-23 03:00:00,194.0929804217666
2021-11-23 04:00:00,196.38606419463753
2021-11-23 05:00:00,198.22143096121692
2021-11-23 06:00:00,198.2993757607315
2021-11-23 07:00:00,195.65952098957916
2021-11-23 08:00:00,194.24820558586805
2021-11-23 09:00:00,190.16936891870998
2021-11-23 10:00:00,192.8626101764869
2021-11-23 11:00:00,192.9044685653605
2021-11-23 12:00:00,194.84879597071878
2021-11-23 13:00:00,192.4276892584848
2021-11-23 14:00:00,193.02324366266916
2021-11-23 15:00:00,199.33972019489326
2021-11-23 16:00:00,208.4583318706773
2021-11-23 17:00:00,205.6006318048907
2021-11-23 18:00:00,209.5885497529631
2021-11-23 19:00:00,207.9882197906899
2021-11-23 20:00:00,208.28513297030065
2021-11-23 21:00:00,212.3811179781112
2021-11-23 22:00:00,212.33319809177996
2021-11-23 23:00:00,210.83461206182855
2021-11-24 00:00:00,210.23245006822083
2021-11-24 01:00:00,211.67378004787966
2021-11-24 02:00:00,211.70899914754034
2021-11-24 03:00:00,204.76680055240405
2021-11-24 04:00:00,197.4769310343713
2021-11-24 05:00:00,198.94485699494666
2021-11-24 06:00:00,200.53388350508564
2021-11-24 07:00:00,200.86522417930072
2021-11-24 08:00:00,200.8061701301056
2021-11-24 09:00:00,200.40877494728323
2021-11-24 10:00:00,203.1055101683586
2021-11-24 11:00:00,201.1348483895848
2021-11-24 12:00:00,198.46025340223022
2021-11-24 13:00:00,202.3693691214604
2021-11-24 14:00:00,201.21829187223116
2021-11-24 15:00:00,192.2592888891176
2021-11-24 16:00:00,191.43711080113934
2021-11-24 17:00:00,198.21064781681306
2021-11-24 18:00:00,193.30023959057382
2021-11-24 19:00:00,190.32546865036463
2021-11-24 20:00:00,193.98047455706563
2021-11-24 21:00:00,192.3257167930362
2021-11-24 22:00:00,198.5514045565117
2021-11-24 23:00:00,199.43374288607677
2021-11-25 00:00:00,198.6022405364446
2021-11-25 01:00:00,201.15326100054094
2021-11-25 02:00:00,208.62762061663133
2021-11-25 03:00:00,208.3347973976157
2021-11-25 04:00:00,210.41150839070187
2021-11-25 05:00:00,212.51049005496458
2021-11-25 06:00:00,208.52758169037693
2021-11-25 07:00:00,204.5361902569131
2021-11-25 08:00:00,205.55457209260666
2021-11-25 09:00:00,208.4930270511579
2021-11-25 10:00:00,206.25847810025664
2021-11-25 11:00:00,208.2887470296003
2021-11-25 12:00:00,212.7775843420489
2021-11-25 13:00:00,216.17414078539406
2021-11-25 14:00:00,223.35642261137647
2021-11-25 15:00:00,222.66033766042992
2021-11-25 16:00:00,226.086094056652
2021-11-25 17:00:00,225.6404949251404
2021-11-25 18:00:00,226.97637172429145
2021-11-25 19:00:00,228.3204626386314
2021-11-25 20:00:00,227.78618915949554
2021-11-25 21:00:00,225.41143822125355
2021-11-25 22:00:00,224.93990264722618
2021-11-25 23:00:00,222.75427748120686
2021-11-26 00:00:00,225.24499570137445
2021-11-26 01:00:00,225.1586521076699
2021-11-26 02:00:00,222.64810853621114
2021-11-26 03:00:00,223.56119970893693
2021-11-26 04:00:00,221.4751915803937
2021-11-26 05:00:00,217.51225079040591
2021-11-26 06:00:00,216.20936004340052
2021-11-26 07:00:00,216.83808073505358
2021-11-26 08:00:00,217.16181866989706
2021-11-26 09:00:00,206.43952731364598
2021-11-26 10:00:00,179.49322883587908
2021-11-26 11:00:00,178.09477194281624
2021-11-26 12:00:00,173.54800166833448
2021-11-26 13:00:00,167.70746768925926
2021-11-26 14:00:00,177.9213319535
2021-11-26 15:00:00,183.10964938154382
2021-11-26 16:00:00,183.1848299177834
2021-11-26 17:00:00,179.30886285649012
2021-11-26 18:00:00,180.44756841168518
2021-11-26 19:00:00,179.82330718919846
2021-11-26 20:00:00,178.373299698566
2021-11-26 21:00:00,182.38194847507614
2021-11-26 22:00:00,185.30890304750085
2021-11-26 23:00:00,180.46006976841676
2021-11-27 00:00:00,179.7741651563355
2021-11-27 01:00:00,176.58497472941426
2021-11-27 02:00:00,182.29782134371624
2021-11-27 03:00:00,185.6119992982747
2021-11-27 04:00:00,188.32597244256698
2021-11-27 05:00:00,187.29063712534105
2021-11-27 06:00:00,190.77755994804417
2021-11-27 07:00:00,185.57708325639078
2021-11-27 08:00:00,184.54432507830833
2021-11-27 09:00:00,186.11527361861616
2021-11-27 10:00:00,193.25176234735056
2021-11-27 11:00:00,188.75736764294928
2021-11-27 12:00:00,192.04743139682583
2021-11-27 13:00:00,189.284371759285
2021-11-27 14:00:00,191.26878462337712
2021-11-27 15:00:00,193.37739694171853
2021-11-27 16:00:00,190.84565903889347
2021-11-27 17:00:00,191.50280551154555
2021-11-27 18:00:00,192.65624241036892
2021-11-27 19:00:00,192.94800446549496
2021-11-27 20:00:00,192.17642345641437
2021-11-27 21:00:00,190.41668900283585
2021-11-27 22:00:00,182.65519290236986
2021-11-27 23:00:00,185.87359341652143
2021-11-28 00:00:00,188.62068001560422
2021-11-28 01:00:00,186.97111650237707
2021-11-28 02:00:00,186.13589900087288
2021-11-28 03:00:00,177.12932422805943
2021-11-28 04:00:00,175.37709570604704
2021-11-28 05:00:00,171.23957383757565
2021-11-28 06:00:00,168.6319298718954
2021-11-28 07:00:00,175.1236915400753
2021-11-28 08:00:00,177.37590520661936
2021-11-28 09:00:00,177.52500998627505
2021-11-28 10:00:00,175.56268184980667
2021-11-28 11:00:00,178.34848514419633
2021-11-28 12:00:00,182.0260074729368
2021-11-28 13:00:00,179.86534999310672
2021-11-28 14:00:00,179.04965422227752
2021-11-28 15:00:00,177.48211895062002
2021-11-28 16:00:00,177.8215888585487
2021-11-28 17:00:00,176.849442060083
2021-11-28 18:00:00,174.28602978059166
2021-11-28 19:00:00,169.776771058566
2021-11-28 20:00:00,172.02734423404388
2021-11-28 21:00:00,178.5922364952682
2021-11-28 22:00:00,183.74452433001179
2021-11-28 23:00:00,194.64340162635852
2021-11-29 00:00:00,190.18151651969188
2021-11-29 01:00:00,200.30097010583864
2021-11-29 02:00:00,203.14076459596714
2021-11-29 03:00:00,202.97632820264127
2021-11-29 04:00:00,199.03065360343626
2021-11-29 05:00:00,199.87780520379886
2021-11-29 06:00:00,199.92640492952916
2021-11-29 07:00:00,200.39089500443035
2021-11-29 08:00:00,201.84721725577194
2021-11-29 09:00:00,203.63357075794093
2021-11-29 10:00:00,200.74280973545348
2021-11-29 11:00:00,195.51055875802155
2021-11-29 12:00:00,199.83398438417674
2021-11-29 13:00:00,197.15099541087494
2021-11-29 14:00:00,198.30021925120332
2021-11-29 15:00:00,206.5060382551916
2021-11-29 16:00:00,202.09196002864164
2021-11-29 17:00:00,202.46182590541736
2021-11-29 18:00:00,206.99892193742173
2021-11-29 19:00:00,212.8466179022642
2021-11-29 20:00:00,212.99885012626345
2021-11-29 21:00:00,207.7273671704148
2021-11-29 22:00:00,210.67996062853098
2021-11-29 23:00:00,213.57842583000064
2021-11-30 00:00:00,213.18278642912267
2021-11-30 01:00:00,213.2970154293242
2021-11-30 02:00:00,216.57608271078087
2021-11-30 03:00:00,214.4891104635147
2021-11-30 04:00:00,215.78591337612602
2021-11-30 05:00:00,212.23485752863937
2021-11-30 06:00:00,213.5491622143671
2021-11-30 07:00:00,205.016685457454
2021-11-30 08:00:00,207.48466817454855
2021-11-30 09:00:00,205.88785978002815
2021-11-30 10:00:00,206.22383823379002
2021-11-30 11:00:00,207.27862658094423
2021-11-30 12:00:00,210.30626813904007
2021-11-30 13:00:00,218.03616250073975
2021-11-30 14:00:00,220.96479822698677
2021-11-30 15:00:00,226.13662980054266
2021-11-30 16:00:00,228.26844038488778
2021-11-30 17:00:00,219.58437104814084
2021-11-30 18:00:00,213.21906090105998
2021-11-30 19:00:00,218.0959503657855
2021-11-30 20:00:00,224.18684366505656
2021-11-30 21:00:00,219.77901626008966
2021-11-30 22:00:00,218.17813767774294
2021-11-30 23:00:00,216.4478141992375
2021-12-01 00:00:00,218.25912064657538
2021-12-01 01:00:00,215.27872467598795
2021-12-01 02:00:00,222.42608699094959
2021-12-01 03:00:00,220.37401362262213
2021-12-01 04:00:00,223.7265276119564
2021-12-01 05:00:00,225.12127104003298
2021-12-01 06:00:00,223.02526620572098
2021-12-01 07:00:00,221.27626473699203
2021-12-01 08:00:00,223.66904756294173
2021-12-01 09:00:00,226.44883498286762
2021-12-01 10:00:00,222.61380775662306
2021-12-01 11:00:00,225.84499690799657
2021-12-01 12:00:00,222.9488426054136
2021-12-01 13:00:00,222.66987734315643
2021-12-01 14:00:00,222.32725013991947
2021-12-01 15:00:00,226.1401774602696
2021-12-01 16:00:00,231.2680590985407
2021-12-01 17:00:00,230.1552192254181
2021-12-01 18:00:00,227.91119226477898
2021-12-01 19:00:00,224.04455991821675
2021-12-01 20:00:00,220.86441506961407
2021-12-01 21:00:00,221.02533334424047
2021-12-01 22:00:00,212.96658735576875
2021-12-01 23:00:00,212.97100120976333
2021-12-02 00:00:00,213.58365017419743
2021-12-02 01:00:00,214.91833029783135
2021-12-02 02:00:00,212.67499053546538
2021-12-02 03:00:00,215.61516146872555
2021-12-02 04:00:00,213.32155599896797
2021-12-02 05:00:00,207.0854022575098
2021-12-02 06:00:00,209.91538566070042
2021-12-02 07:00:00,212.2950162108226
2021-12-02 08:00:00,211.95786062770011
2021-12-02 09:00:00,213.04500940301597
2021-12-02 10:00:00,215.49464483676678
2021-12-02 11:00:00,215.0125110732192
2021-12-02 12:00:00,214.4926382541894
2021-12-02 13:00:00,212.6175730200376
2021-12-02 14:00:00,213.0575479092671
2021-12-02 15:00:00,211.74080225716492
2021-12-02 16:00:00,216.52080638704737
2021-12-02 17:00:00,213.31793693138064
2021-12-02 18:00:00,210.54559793642224
2021-12-02 19:00:00,213.37163865128935
2021-12-02 20:00:00,214.09058514355274
2021-12-02 21:00:00,213.87759446963614
2021-12-02 22:00:00,217.15382183623723
2021-12-02 23:00:00,217.51324192078786
2021-12-03 00:00:00,216.81124075579245
2021-12-03 01:00:00,212.96551148684586
2021-12-03 02:00:00,213.5207494624359
2021-12-03 03:00:00,213.36824811230636
2021-12-03 04:00:00,209.0761141737239
2021-12-03 05:00:00,209.763193498137
2021-12-03 06:00:00,212.89735095606372
2021-12-03 07:00:00,214.94962577146705
2021-12-03 08:00:00,218.0946211250479
2021-12-03 09:00:00,217.04838197536623
2021-12-03 10:00:00,216.26598769845145
2021-12-03 11:00:00,217.86983450153755
2021-12-03 12:00:00,218.36856237969076
2021-12-03 13:00:00,220.96512107349895
2021-12-03 14:00:00,220.19713300052098
2021-12-03 15:00:00,221.70064085271
2021-12-03 16:00:00,214.1360275950271
2021-12-03 17:00:00,209.49956902516988
2021-12-03 18:00:00,197.77658977970947
2021-12-03 19:00:00,199.76307370931605
2021-12-03 20:00:00,200.00696791874856
2021-12-03 21:00:00,189.759442465446
2021-12-03 22:00:00,188.9765965993251
2021-12-03 23:00:00,190.4631886511267
2021-12-04 00:00:00,186.36513902850234
2021-12-04 01:00:00,187.77880453525603
2021-12-04 02:00:00,176.95568143889042
2021-12-04 03:00:00,177.4824027705142
2021-12-04 04:00:00,178.00035316384023
2021-12-04 05:00:00,161.75066674533699
2021-12-04 06:00:00,141.9640432681937
2021-12-04 07:00:00,112.67497388455661
2021-12-04 08:00:00,117.55866342110141
2021-12-04 09:00:00,119.20665230560257
2021-12-04 10:00:00,124.72965027767235
2021-12-04 11:00:00,124.38340763251303
2021-12-04 12:00:00,124.13861250150303
2021-12-04 13:00:00,114.65160197089705
2021-12-04 14:00:00,120.87459406854731
2021-12-04 15:00:00,125.82949359771177
2021-12-04 16:00:00,135.66636339311867
2021-12-04 17:00:00,137.8123530430485
2021-12-04 18:00:00,131.22128443265953
2021-12-04 19:00:00,137.00530336538634
2021-12-04 20:00:00,141.31336982400188
2021-12-04 21:00:00,147.35213644452466
2021-12-04 22:00:00,146.51481001224354
2021-12-04 23:00:00,141.6260401718942
2021-12-05 00:00:00,146.12622038422828
2021-12-05 01:00:00,145.98852209950186
2021-12-05 02:00:00,141.59845146651028
2021-12-05 03:00:00,141.43704876022082
2021-12-05 04:00:00,140.20287249714823
2021-12-05 05:00:00,145.09442363954665
2021-12-05 06:00:00,141.37559634269013
2021-12-05 07:00:00,146.91271026989006
2021-12-05 08:00:00,147.52857401920866
2021-12-05 09:00:00,144.81236256626946
2021-12-05 10:00:00,146.59228139224015
2021-12-05 11:00:00,139.66540553589593
2021-12-05 12:00:00,141.79357214356907
2021-12-05 13:00:00,141.36523932300645
2021-12-05 14:00:00,144.26031291181988
2021-12-05 15:00:00,140.63904598148287
2021-12-05 16:00:00,130.02117826475526
2021-12-05 17:00:00,119.7762781260422
2021-12-05 18:00:00,124.38256623592926
2021-12-05 19:00:00,130.8784580143397
2021-12-05 20:00:00,127.67270185914273
2021-12-05 21:00:00,127.05713567104243
2021-12-05 22:00:00,126.7081453822011
2021-12-05 23:00:00,127.25978949148315
2021-12-06 00:00:00,128.8292181987719
2021-12-06 01:00:00,130.91613572170087
2021-12-06 02:00:00,118.55088683050332
2021-12-06 03:00:00,123.67151780363463
2021-12-06 04:00:00,125.2035692351547
2021-12-06 05:00:00,127.19933377385524
2021-12-06 06:00:00,125.92480031141879
2021-12-06 07:00:00,119.6588962540269
2021-12-06 08:00:00,114.04563687138769
2021-12-06 09:00:00,113.74404550228644
2021-12-06 10:00:00,114.30900497701971
2021-12-06 11:00:00,103.72090907538458
2021-12-06 12:00:00,102.71058394489874
2021-12-06 13:00:00,113.84709021684134
2021-12-06 14:00:00,113.19089654061445
2021-12-06 15:00:00,110.51836003419581
2021-12-06 16:00:00,111.29928509612711
2021-12-06 17:00:00,124.96821797196952
2021-12-06 18:00:00,128.88158728995916
2021-12-06 19:00:00,126.529157391342
2021-12-06 20:00:00,127.84079595269309
2021-12-06 21:00:00,129.19874537924255
2021-12-06 22:00:00,127.689804081095
2021-12-06 23:00:00,141.19339049812368
2021-12-07 00:00:00,148.15553350992948
2021-12-07 01:00:00,147.01804850599447
2021-12-07 02:00:00,148.67244191754696
2021-12-07 03:00:00,147.17098287205138
2021-12-07 04:00:00,144.9614775020678
2021-12-07 05:00:00,147.9523462790524
2021-12-07 06:00:00,148.47155837845267
2021-12-07 07:00:00,149.32954083803966
2021-12-07 08:00:00,152.10244668517439
2021-12-07 09:00:00,150.82766376647908
2021-12-07 10:00:00,157.11872674766389
2021-12-07 11:00:00,156.30950654525714
2021-12-07 12:00:00,156.76719516928637
2021-12-07 13:00:00,158.10681886104314
2021-12-07 14:00:00,151.23637860364755
2021-12-07 15:00:00,152.19107128832252
2021-12-07 16:00:00,158.2186606687926
2021-12-07 17:00:00,159.39020973586196
2021-12-07 18:00:00,155.5106043336673
2021-12-07 19:00:00,154.36324062449418
2021-12-07 20:00:00,153.55872311077383
2021-12-07 21:00:00,153.57998185232185
2021-12-07 22:00:00,148.79934499347104
2021-12-07 23:00:00,150.13042468845944
2021-12-08 00:00:00,145.47093601016866
2021-12-08 01:00:00,150.34680377528537
2021-12-08 02:00:00,152.54968035144435
2021-12-08 03:00:00,150.320266518017
2021-12-08 04:00:00,149.0069655360499
2021-12-08 05:00:00,146.0840069855143
2021-12-08 06:00:00,149.9084365459852
2021-12-08 07:00:00,149.9209255073658
2021-12-08 08:00:00,154.75909015561098
2021-12-08 09:00:00,155.28779416953108
2021-12-08 10:00:00,156.65579110436198
2021-12-08 11:00:00,152.503956212698
2021-12-08 12:00:00,143.36652290828954
2021-12-08 13:00:00,146.04743878977004
2021-12-08 14:00:00,149.6884854177885
2021-12-08 15:00:00,149.30458306869932
2021-12-08 16:00:00,161.87876071605407
2021-12-08 17:00:00,161.30571024971547
2021-12-08 18:00:00,158.4885456970852
2021-12-08 19:00:00,157.65971497209543
2021-12-08 20:00:00,160.94409584090897
2021-12-08 21:00:00,160.4209304142244
2021-12-08 22:00:00,162.85807533539693
2021-12-08 23:00:00,163.19285261803554
2021-12-09 00:00:00,159.86626987759112
2021-12-09 01:00:00,166.6141994473561
2021-12-09 02:00:00,164.6361677926212
2021-12-09 03:00:00,161.65087736643466
2021-12-09 04:00:00,158.3204530405629
2021-12-09 05:00:00,155.24954053754246
2021-12-09 06:00:00,158.6466929714916
2021-12-09 07:00:00,158.13564130655485
2021-12-09 08:00:00,157.20447246572405
2021-12-09 09:00:00,159.26939617459792
2021-12-09 10:00:00,156.743831738087
2021-12-09 11:00:00,154.5209167196641
2021-12-09 12:00:00,155.9976720915383
2021-12-09 13:00:00,155.33696830561533
2021-12-09 14:00:00,156.45075470099957
2021-12-09 15:00:00,154.57060988981806
2021-12-09 16:00:00,143.96150778155572
2021-12-09 17:00:00,144.90935254170165
2021-12-09 18:00:00,145.38635567683352
2021-12-09 19:00:00,140.44270781827302
2021-12-09 20:00:00,136.8192536989177
2021-12-09 21:00:00,136.07410095879055
2021-12-09 22:00:00,135.40322284386167
2021-12-09 23:00:00,139.1926114779143
2021-12-10 00:00:00,138.9567361973316
2021-12-10 01:00:00,133.36127998585368
2021-12-10 02:00:00,137.02671150714593
2021-12-10 03:00:00,137.71758733110025
2021-12-10 04:00:00,138.18475154164204
2021-12-10 05:00:00,135.87767739740215
2021-12-10 06:00:00,134.81014112206577
2021-12-10 07:00:00,134.8431513352604
2021-12-10 08:00:00,128.24660972050629
2021-12-10 09:00:00,125.4622548448717
2021-12-10 10:00:00,129.6031948254863
2021-12-10 11:00:00,133.02101905563387
2021-12-10 12:00:00,131.65739311244857
2021-12-10 13:00:00,136.7271406238659
2021-12-10 14:00:00,139.54141575519643
2021-12-10 15:00:00,143.4417344342913
2021-12-10 16:00:00,129.67038979091325
2021-12-10 17:00:00,127.61632795602972
2021-12-10 18:00:00,123.01240267563416
2021-12-10 19:00:00,124.26401934457333
2021-12-10 20:00:00,124.29922215020557
2021-12-10 21:00:00,127.32896319182622
2021-12-10 22:00:00,130.75382007647423
2021-12-10 23:00:00,125.96064292488899
2021-12-11 00:00:00,122.18456676860443
2021-12-11 01:00:00,115.0973577194495
2021-12-11 02:00:00,116.41656120271512
2021-12-11 03:00:00,119.75561083512028
2021-12-11 04:00:00,123.0807498937733
2021-12-11 05:00:00,123.6675459879767
2021-12-11 06:00:00,126.14283564644369
2021-12-11 07:00:00,125.25148450228733
2021-12-11 08:00:00,121.81817258408596
2021-12-11 09:00:00,123.58028068593649
2021-12-11 10:00:00,126.77010877509869
2021-12-11 11:00:00,129.42411802104073
2021-12-11 12:00:00,130.60057541813944
2021-12-11 13:00:00,128.67578833370817
2021-12-11 14:00:00,130.37500378939808
2021-12-11 15:00:00,128.60674865459265
2021-12-11 16:00:00,130.32145567579116
2021-12-11 17:00:00,133.29889211045247
2021-12-11 18:00:00,134.88180057377133
2021-12-11 19:00:00,132.7417296406338
2021-12-11 20:00:00,132.35328986072284
2021-12-11 21:00:00,128.99767176775438
2021-12-11 22:00:00,131.15145587996358
2021-12-11 23:00:00,132.57799880431054
2021-12-12 00:00:00,132.7558482592301
2021-12-12 01:00:00,137.09238002124593
2021-12-12 02:00:00,136.03995622946033
2021-12-12 03:00:00,134.62084863925014
2021-12-12 04:00:00,133.6057263458092
2021-12-12 05:00:00,135.65828463036377
2021-12-12 06:00:00,132.0242621904766
2021-12-12 07:00:00,132.6385701194958
2021-12-12 08:00:00,135.35924478754418
2021-12-12 09:00:00,136.100756176758
2021-12-12 10:00:00,132.43966027443463
2021-12-12 11:00:00,130.24371555192334
2021-12-12 12:00:00,131.84909350291827
2021-12-12 13:00:00,134.22962233042
2021-12-12 14:00:00,135.51405172150288
2021-12-12 15:00:00,137.61775582318478
2021-12-12 16:00:00,138.20143343057293
2021-12-12 17:00:00,135.80519273053497
2021-12-12 18:00:00,138.00986789845948
2021-12-12 19:00:00,142.39105353581667
2021-12-12 20:00:00,145.78665578447652
2021-12-12 21:00:00,144.63924339556024
2021-12-12 22:00:00,146.1144233249672
2021-12-12 23:00:00,144.04134662754487
2021-12-13 00:00:00,145.1659710761708
2021-12-13 01:00:00,143.27683113172742
2021-12-13 02:00:00,139.60678613635025
2021-12-13 03:00:00,130.62472704881446
2021-12-13 04:00:00,131.09940292925845
2021-12-13 05:00:00,132.58526779067498
2021-12-13 06:00:00,133.5487336979407
2021-12-13 07:00:00,136.06333771863007
2021-12-13 08:00:00,129.93664281275173
2021-12-13 09:00:00,128.0675667385451
2021-12-13 10:00:00,132.37276540120652
2021-12-13 11:00:00,130.7301868383618
2021-12-13 12:00:00,129.9628928357387
2021-12-13 13:00:00,131.1566852651481
2021-12-13 14:00:00,128.11171834551595
2021-12-13 15:00:00,126.86660728507009
2021-12-13 16:00:00,119.88666265841496
2021-12-13 17:00:00,111.4399929501356
2021-12-13 18:00:00,111.51279750341318
2021-12-13 19:00:00,112.8459197917257
2021-12-13 20:00:00,110.53819686515595
2021-12-13 21:00:00,102.96071788854682
2021-12-13 22:00:00,101.22046608015529
2021-12-13 23:00:00,103.84459369701209
2021-12-14 00:00:00,108.2393252533905
2021-12-14 01:00:00,104.05109791872846
2021-12-14 02:00:00,107.39105281940331
2021-12-14 03:00:00,105.76567988205514
2021-12-14 04:00:00,106.3516045991598
2021-12-14 05:00:00,105.87881638169186
2021-12-14 06:00:00,104.7502251781922
2021-12-14 07:00:00,101.15020009461828
2021-12-14 08:00:00,103.01099183100908
2021-12-14 09:00:00,109.27148315524393
2021-12-14 10:00:00,114.38254545543509
2021-12-14 11:00:00,106.86030959680507
2021-12-14 12:00:00,114.63256271838081
2021-12-14 13:00:00,118.27537738679692
2021-12-14 14:00:00,117.2811447671641
2021-12-14 15:00:00,112.88891844483898
2021-12-14 16:00:00,115.20994976429766
2021-12-14 17:00:00,110.29548365313018
2021-12-14 18:00:00,110.1292033628694
2021-12-14 19:00:00,107.92790731763819
2021-12-14 20:00:00,106.0182981392312
2021-12-14 21:00:00,108.09622383979587
2021-12-14 22:00:00,116.68652255421895
2021-12-14 23:00:00,121.82296223037886
2021-12-15 00:00:00,119.77738548288333
2021-12-15 01:00:00,121.91121176694062
2021-12-15 02:00:00,120.19240905205547
2021-12-15 03:00:00,118.96649832476692
2021-12-15 04:00:00,118.23464295639945
2021-12-15 05:00:00,120.66392246892276
2021-12-15 06:00:00,120.98325719354942
2021-12-15 07:00:00,120.7409698267308
2021-12-15 08:00:00,120.38748620713545
2021-12-15 09:00:00,122.93278765958262
2021-12-15 10:00:00,125.65596159169482
2021-12-15 11:00:00,125.05372090643816
2021-12-15 12:00:00,122.35377724749915
2021-12-15 13:00:00,120.62621041067275
2021-12-15 14:00:00,112.51387896998874
2021-12-15 15:00:00,114.51130504438733
2021-12-15 16:00:00,109.55389085955647
2021-12-15 17:00:00,97.39267840977745
2021-12-15 18:00:00,102.96972205238609
2021-12-15 19:00:00,105.73614823971815
2021-12-15 20:00:00,115.01039400091699
2021-12-15 21:00:00,131.09440200673615
2021-12-15 22:00:00,140.89330379062892
2021-12-15 23:00:00,141.6624703534514
2021-12-16 00:00:00,135.61558152469334
2021-12-16 01:00:00,138.45787270126488
2021-12-16 02:00:00,141.91490531356925
2021-12-16 03:00:00,141.97692669633597
2021-12-16 04:00:00,141.74360828662756
2021-12-16 05:00:00,140.1789410002286
2021-12-16 06:00:00,138.2933129552325
2021-12-16 07:00:00,134.48619422214702
2021-12-16 08:00:00,139.18086183492062
2021-12-16 09:00:00,138.7081410527591
2021-12-16 10:00:00,140.04322963973962
2021-12-16 11:00:00,142.98311594462072
2021-12-16 12:00:00,145.48064515589624
2021-12-16 13:00:00,148.06196120199843
2021-12-16 14:00:00,142.39632261349823
2021-12-16 15:00:00,147.21730548483896
2021-12-16 16:00:00,144.4877554663879
2021-12-16 17:00:00,145.29539129997212
2021-12-16 18:00:00,143.37379139741708
2021-12-16 19:00:00,138.35636935795907
2021-12-16 20:00:00,136.5332913229008
2021-12-16 21:00:00,131.6258601610092
2021-12-16 22:00:00,134.5484291460034
2021-12-16 23:00:00,136.13643180825704
2021-12-17 00:00:00,132.26004744348143
2021-12-17 01:00:00,126.52211653454837
2021-12-17 02:00:00,131.07024810639598
2021-12-17 03:00:00,131.40422869198107
2021-12-17 04:00:00,131.02914935627902
2021-12-17 05:00:00,131.15284019134438
2021-12-17 06:00:00,132.7592780734558
2021-12-17 07:00:00,130.36076967547325
2021-12-17 08:00:00,127.02339506623869
2021-12-17 09:00:00,122.1337415181319
2021-12-17 10:00:00,124.97299289346107
2021-12-17 11:00:00,124.53930422586895
2021-12-17 12:00:00,118.5103476276016
2021-12-17 13:00:00,118.22160254326757
2021-12-17 14:00:00,117.19742819478083
2021-12-17 15:00:00,114.90910254308913
2021-12-17 16:00:00,104.76396492596714
2021-12-17 17:00:00,116.98303967440133
2021-12-17 18:00:00,124.53494599880996
2021-12-17 19:00:00,116.79312304201318
2021-12-17 20:00:00,120.91154255079698
2021-12-17 21:00:00,118.00248417404731
2021-12-17 22:00:00,112.91041916012077
2021-12-17 23:00:00,121.8336298613562
2021-12-18 00:00:00,122.75188137689192
2021-12-18 01:00:00,122.33232667312897
2021-12-18 02:00:00,127.3042687815787
2021-12-18 03:00:00,117.08239485022278
2021-12-18 04:00:00,118.25775354382559
2021-12-18 05:00:00,126.92687331510831
2021-12-18 06:00:00,129.56935772126414
2021-12-18 07:00:00,131.93831335382524
2021-12-18 08:00:00,128.74060058137837
2021-12-18 09:00:00,130.05463484721426
2021-12-18 10:00:00,132.03117306454584
2021-12-18 11:00:00,138.74715030551218
2021-12-18 12:00:00,141.48448956510703
2021-12-18 13:00:00,139.19939282403985
2021-12-18 14:00:00,139.4512155813492
2021-12-18 15:00:00,135.40094958874994
2021-12-18 16:00:00,141.24032606668337
2021-12-18 17:00:00,139.18915542586365
2021-12-18 18:00:00,138.26455874738778
2021-12-18 19:00:00,136.9069165028156
2021-12-18 20:00:00,138.38509092530907
2021-12-18 21:00:00,137.84973455630347
2021-12-18 22:00:00,138.44907575560075
2021-12-18 23:00:00,139.2249348944096
2021-12-19 00:00:00,137.71885578597107
2021-12-19 01:00:00,137.84436836123123
2021-12-19 02:00:00,137.55089084728155
2021-12-19 03:00:00,135.11803483297788
2021-12-19 04:00:00,139.59933735798683
2021-12-19 05:00:00,145.30746202785718
2021-12-19 06:00:00,146.57631905782347
2021-12-19 07:00:00,143.16753325058625
2021-12-19 08:00:00,142.83256937041813
2021-12-19 09:00:00,143.33782666705693
2021-12-19 10:00:00,142.0027559030751
2021-12-19 11:00:00,138.64617538786834
2021-12-19 12:00:00,136.81884931833468
2021-12-19 13:00:00,137.25832570805403
2021-12-19 14:00:00,138.50422244388002
2021-12-19 15:00:00,140.92952863146954
2021-12-19 16:00:00,138.90660168056675
2021-12-19 17:00:00,138.0253627733603
2021-12-19 18:00:00,137.60129421869703
2021-12-19 19:00:00,136.00885437739964
2021-12-19 20:00:00,135.68126727762802
2021-12-19 21:00:00,130.13572315607098
2021-12-19 22:00:00,131.76027556191795
2021-12-19 23:00:00,130.93669683038266
2021-12-20 00:00:00,137.15809306520077
2021-12-20 01:00:00,130.59933610111233
2021-12-20 02:00:00,133.65726742928152
2021-12-20 03:00:00,132.20163995081623
2021-12-20 04:00:00,131.15616498185005
2021-12-20 05:00:00,130.0430884982952
2021-12-20 06:00:00,132.14955428569692
2021-12-20 07:00:00,120.2553872605415
2021-12-20 08:00:00,121.01828333639678
2021-12-20 09:00:00,119.34251109751945
2021-12-20 10:00:00,117.22468095912866
2021-12-20 11:00:00,108.99278478932699
2021-12-20 12:00:00,111.18970542004637
2021-12-20 13:00:00,113.83155760675044
2021-12-20 14:00:00,106.95358012514393
2021-12-20 15:00:00,105.65441864780998
2021-12-20 16:00:00,114.98761160937475
2021-12-20 17:00:00,108.86942122018498
2021-12-20 18:00:00,115.5933225670543
2021-12-20 19:00:00,113.69025255452621
2021-12-20 20:00:00,117.70913859882911
2021-12-20 21:00:00,124.25200920284556
2021-12-20 22:00:00,130.512797172083
2021-12-20 23:00:00,126.90508313539002
2021-12-21 00:00:00,123.65197501566894
2021-12-21 01:00:00,127.47669831104125
2021-12-21 02:00:00,125.06560744694798
2021-12-21 03:00:00,124.61632935066964
2021-12-21 04:00:00,124.37143654540407
2021-12-21 05:00:00,134.52703788420655
2021-12-21 06:00:00,138.7767904904191
2021-12-21 07:00:00,139.68583362283894
2021-12-21 08:00:00,140.62411160344482
2021-12-21 09:00:00,139.0686696746716
2021-12-21 10:00:00,141.39873000441446
2021-12-21 11:00:00,142.07619693252894
2021-12-21 12:00:00,141.670762558726
2021-12-21 13:00:00,142.99952662052
2021-12-21 14:00:00,143.41433518587152
2021-12-21 15:00:00,144.88068324165866
2021-12-21 16:00:00,142.2659778033143
2021-12-21 17:00:00,140.53648087977834
2021-12-21 18:00:00,143.4215603632548
2021-12-21 19:00:00,142.69639402947772
2021-12-21 20:00:00,143.02916765954203
2021-12-21 21:00:00,146.39689571103224
2021-12-21 22:00:00,146.79272260398753
2021-12-21 23:00:00,150.95462816543576
2021-12-22 00:00:00,153.373950305849
2021-12-22 01:00:00,151.54718493612103
2021-12-22 02:00:00,148.9158002992161
2021-12-22 03:00:00,153.97456753970127
2021-12-22 04:00:00,158.80355449701236
2021-12-22 05:00:00,159.91555045291807
2021-12-22 06:00:00,160.11755377237085
2021-12-22 07:00:00,157.55524517338318
2021-12-22 08:00:00,158.2711198698152
2021-12-22 09:00:00,162.00799112625722
2021-12-22 10:00:00,162.22220679813321
2021-12-22 11:00:00,158.49817110755973
2021-12-22 12:00:00,163.36539996263278
2021-12-22 13:00:00,165.0171370738065
2021-12-22 14:00:00,155.81419617479338
2021-12-22 15:00:00,159.18811512095823
2021-12-22 16:00:00,165.44734345914577
2021-12-22 17:00:00,167.82866203654507
2021-12-22 18:00:00,168.53888710643716
2021-12-22 19:00:00,163.0921208421284
2021-12-22 20:00:00,163.59792908169715
2021-12-22 21:00:00,168.20913487342273
2021-12-22 22:00:00,168.57434971368912
2021-12-22 23:00:00,169.26442653581213
2021-12-23 00:00:00,168.64817426649563
2021-12-23 01:00:00,162.47436086900177
2021-12-23 02:00:00,162.14306827115013
2021-12-23 03:00:00,168.12272322706204
2021-12-23 04:00:00,167.5576481460317
2021-12-23 05:00:00,170.80241127345954
2021-12-23 06:00:00,168.65873957386523
2021-12-23 07:00:00,167.1429121849268
2021-12-23 08:00:00,170.62808423282698
2021-12-23 09:00:00,163.00484606052018
2021-12-23 10:00:00,169.17274171582895
2021-12-23 11:00:00,169.35834885115815
2021-12-23 12:00:00,171.04024414453625
2021-12-23 13:00:00,170.18793234977986
2021-12-23 14:00:00,173.85978166112227
2021-12-23 15:00:00,175.45831897862706
2021-12-23 16:00:00,176.40615212346705
2021-12-23 17:00:00,180.6414538324214
2021-12-23 18:00:00,187.26198344189177
2021-12-23 19:00:00,196.23492918524326
2021-12-23 20:00:00,201.09058958667111
2021-12-23 21:00:00,205.25434819347893
2021-12-23 22:00:00,202.28601374773245
2021-12-23 23:00:00,202.72613706432344
2021-12-24 00:00:00,203.1335771904673
2021-12-24 01:00:00,206.22603349039468
2021-12-24 02:00:00,206.2372892852713
2021-12-24 03:00:00,207.83253719721733
2021-12-24 04:00:00,204.90555693273328
2021-12-24 05:00:00,204.17596056002176
2021-12-24 06:00:00,203.0371682842462
2021-12-24 07:00:00,202.4821708463425
2021-12-24 08:00:00,202.6989745432939
2021-12-24 09:00:00,205.55245100058468
2021-12-24 10:00:00,206.98718749307082
2021-12-24 11:00:00,209.2166347580728
2021-12-24 12:00:00,209.1150759444706
2021-12-24 13:00:00,205.55759789902808
2021-12-24 14:00:00,208.00622698008277
2021-12-24 15:00:00,207.28028544591638
2021-12-24 16:00:00,204.83197888181022
2021-12-24 17:00:00,207.25305527695087
2021-12-24 18:00:00,208.14568182574186
2021-12-24 19:00:00,209.36545619428298
2021-12-24 20:00:00,213.11031731204963
2021-12-24 21:00:00,203.8553687576271
2021-12-24 22:00:00,206.80365207820194
2021-12-24 23:00:00,203.8476804863731
2021-12-25 00:00:00,197.85824039041515
2021-12-25 01:00:00,197.41453635859807
2021-12-25 02:00:00,204.45735867928366
2021-12-25 03:00:00,202.52385475991102
2021-12-25 04:00:00,200.16118041001664
2021-12-25 05:00:00,200.55613173108355
2021-12-25 06:00:00,202.45581137975654
2021-12-25 07:00:00,204.4972892310811
2021-12-25 08:00:00,206.6466670772845
2021-12-25 09:00:00,206.14579062848844
2021-12-25 10:00:00,207.80597153931524
2021-12-25 11:00:00,206.55571873949373
2021-12-25 12:00:00,202.12109786917128
2021-12-25 13:00:00,204.47189160605893
2021-12-25 14:00:00,207.99411426385663
2021-12-25 15:00:00,209.23493704867312
2021-12-25 16:00:00,208.10634105552904
2021-12-25 17:00:00,209.48638392593074
2021-12-25 18:00:00,208.61479024658613
2021-12-25 19:00:00,207.96702882109008
2021-12-25 20:00:00,210.09918457525552
2021-12-25 21:00:00,209.62351882756616
2021-12-25 22:00:00,210.95289140910987
2021-12-25 23:00:00,213.5472285652337
2021-12-26 00:00:00,210.9726645304608
2021-12-26 01:00:00,211.20122360804575
2021-12-26 02:00:00,209.9107943620537
2021-12-26 03:00:00,213.2672827729922
2021-12-26 04:00:00,207.16536463858498
2021-12-26 05:00:00,196.94276648939828
2021-12-26 06:00:00,201.40336716996183
2021-12-26 07:00:00,199.7227527086805
2021-12-26 08:00:00,201.38925634792173
2021-12-26 09:00:00,203.61815460468947
2021-12-26 10:00:00,204.13661183720075
2021-12-26 11:00:00,207.54178559347088
2021-12-26 12:00:00,209.7478765219514
2021-12-26 13:00:00,205.79000116221033
2021-12-26 14:00:00,208.84306663235918
2021-12-26 15:00:00,208.5622450507583
2021-12-26 16:00:00,209.48496069633748
2021-12-26 17:00:00,211.4681468459347
2021-12-26 18:00:00,215.29871035695888
2021-12-26 19:00:00,216.97736799046024
2021-12-26 20:00:00,218.074810258645
2021-12-26 21:00:00,218.47283929320713
2021-12-26 22:00:00,217.21152705251575
2021-12-26 23:00:00,219.57379568909897
2021-12-27 00:00:00,221.2659753807997
2021-12-27 01:00:00,218.8016499290155
2021-12-27 02:00:00,218.3082667970079
2021-12-27 03:00:00,220.11172872514354
2021-12-27 04:00:00,220.46894841927448
2021-12-27 05:00:00,223.3703040725442
2021-12-27 06:00:00,222.69807054709852
2021-12-27 07:00:00,222.16922757026938
2021-12-27 08:00:00,223.82612248180715
2021-12-27 09:00:00,222.0548969078686
2021-12-27 10:00:00,218.0259900934705
2021-12-27 11:00:00,221.70334522768326
2021-12-27 12:00:00,223.952315220319
2021-12-27 13:00:00,226.26956910073554
2021-12-27 14:00:00,228.17295981384046
2021-12-27 15:00:00,231.65946068384267
2021-12-27 16:00:00,234.8475017861853
2021-12-27 17:00:00,234.6572606602236
2021-12-27 18:00:00,236.61349591791264
2021-12-27 19:00:00,239.46385811323316
2021-12-27 20:00:00,237.42491087348262
2021-12-27 21:00:00,233.19384404685488
2021-12-27 22:00:00,235.1104243210011
2021-12-27 23:00:00,229.5275226448793
2021-12-28 00:00:00,226.49942911318408
2021-12-28 01:00:00,220.86755836766213
2021-12-28 02:00:00,216.68079954570305
2021-12-28 03:00:00,206.7312441162297
2021-12-28 04:00:00,203.05195650853102
2021-12-28 05:00:00,199.3176743001982
2021-12-28 06:00:00,189.8024978187669
2021-12-28 07:00:00,195.88855460544963
2021-12-28 08:00:00,196.0385871045102
2021-12-28 09:00:00,195.5752582806946
2021-12-28 10:00:00,198.9905255469439
2021-12-28 11:00:00,192.65367987114175
2021-12-28 12:00:00,195.6437900506655
2021-12-28 13:00:00,201.96441857088607
2021-12-28 14:00:00,199.54194113897645
2021-12-28 15:00:00,198.3295461697562
2021-12-28 16:00:00,195.90607412869113
2021-12-28 17:00:00,193.1062378689365
2021-12-28 18:00:00,189.3554138085761
2021-12-28 19:00:00,178.09880907421064
2021-12-28 20:00:00,174.49702519674872
2021-12-28 21:00:00,174.20943535831444
2021-12-28 22:00:00,178.69774539719091
2021-12-28 23:00:00,172.37257063992877
2021-12-29 00:00:00,174.58458779795404
2021-12-29 01:00:00,169.90931204313583
2021-12-29 02:00:00,176.3033918959268
2021-12-29 03:00:00,174.77525219762376
2021-12-29 04:00:00,180.23908177946385
2021-12-29 05:00:00,181.63872686843467
2021-12-29 06:00:00,176.79806754448688
2021-12-29 07:00:00,174.54391696884576
2021-12-29 08:00:00,176.11485633996182
2021-12-29 09:00:00,172.7882184262689
2021-12-29 10:00:00,176.4515689950134
2021-12-29 11:00:00,177.51726741013712
2021-12-29 12:00:00,173.90749001146042
2021-12-29 13:00:00,173.62961416749877
2021-12-29 14:00:00,158.84022040341364
2021-12-29 15:00:00,162.7372291763343
2021-12-29 16:00:00,170.9767905183367
2021-12-29 17:00:00,172.8822854281135
2021-12-29 18:00:00,167.73654984027115
2021-12-29 19:00:00,163.55901616003834
2021-12-29 20:00:00,165.408946006727
2021-12-29 21:00:00,158.79627476956802
2021-12-29 22:00:00,161.2767205558156
2021-12-29 23:00:00,159.77672202138316
2021-12-30 00:00:00,160.28165233959928
2021-12-30 01:00:00,148.51527466188747
2021-12-30 02:00:00,149.0944172044372
2021-12-30 03:00:00,146.60070530057678
2021-12-30 04:00:00,145.9717434941495
2021-12-30 05:00:00,142.82056535892838
2021-12-30 06:00:00,147.19857602716309
2021-12-30 07:00:00,149.52270380226665
2021-12-30 08:00:00,154.74595814028464
2021-12-30 09:00:00,158.69125983346066
2021-12-30 10:00:00,153.64385906026916
2021-12-30 11:00:00,153.50162133541633
2021-12-30 12:00:00,156.81728331599177
2021-12-30 13:00:00,165.14425539850205
2021-12-30 14:00:00,167.25364629928285
2021-12-30 15:00:00,162.05258720736484
2021-12-30 16:00:00,162.611411675507
2021-12-30 17:00:00,157.4712419915709
2021-12-30 18:00:00,165.27267527557333
2021-12-30 19:00:00,164.1158476070807
2021-12-30 20:00:00,166.7664444257705
2021-12-30 21:00:00,163.39977532313372
2021-12-30 22:00:00,158.64726275922396
2021-12-30 23:00:00,160.82726301569195
2021-12-31 00:00:00,156.11215277404955
2021-12-31 01:00:00,158.5858087649898
2021-12-31 02:00:00,156.93174018459283
2021-12-31 03:00:00,157.61543358778417
2021-12-31 04:00:00,156.32462169493857
2021-12-31 05:00:00,159.9849596638049
2021-12-31 06:00:00,161.14723760386153
2021-12-31 07:00:00,158.59789862361288
2021-12-31 08:00:00,161.1651528737609
2021-12-31 09:00:00,159.02321495699675
2021-12-31 10:00:00,176.13213366594746
2021-12-31 11:00:00,173.99047475113807
2021-12-31 12:00:00,171.48452027842131
2021-12-31 13:00:00,171.65702729180643
2021-12-31 14:00:00,173.0561266805728
2021-12-31 15:00:00,172.1567088635743
2021-12-31 16:00:00,173.42332061091375
2021-12-31 17:00:00,174.19484912874103
2021-12-31 18:00:00,165.55568243870272
2021-12-31 19:00:00,161.3688933274297
2021-12-31 20:00:00,157.11030511786336
2021-12-31 21:00:00,140.4860910110887
2021-12-31 22:00:00,141.93764271805784
2021-12-31 23:00:00,154.08344924391548
